"","flag","situacao"
"1","ABADIANIA_GOIAS","Ok"
"2","ABAETETUBA_PARA","Ok"
"3","ABAIRA_BAHIA","Ok"
"4","ABARE_BAHIA","Ok"
"5","ABATIA_PR","Ok"
"6","ABDON_BATISTA_SC","Ok"
"7","ABELARDO_LUZ_SC","Ok"
"8","ABEL_FIGUEIREDO_PARA","Ok"
"9","ACAILANDIA_MA","Ok"
"10","ACAJUTIBA_BAHIA_","Ok"
"11","ACARA_PARA","Ok"
"12","ACARAU_CE","Ok"
"13","ACARI_RN","Ok"
"14","ACEGUA_RS","Ok"
"15","ACOPIARA_CE","Ok"
"16","ACORIZAL_MT","Ok"
"17","ACRELANDIA_ACRE","Ok"
"18","ACREUNA_GOIAS","Ok"
"19","ACU_RN","Ok"
"20","ADAMANTINA_SP","Ok"
"21","ADOLFO_SP","Ok"
"22","ADUSTINA_BAHIA_","Ok"
"23","AFOGADOS_DA_INGAZEIRA_PE","Ok"
"24","AFONSO_CLAUDIO_ES","Ok"
"25","AFUA_PARA","Ok"
"26","AGRESTINA_PE","Ok"
"27","AGROLANDIA_SC","Ok"
"28","AGRONOMICA_SC","Ok"
"29","AGUA_AZUL_DO_NORTE_PARA","Ok"
"30","AGUA_BOA_MT","Ok"
"31","AGUA_BRANCA_AL","Ok"
"32","AGUA_BRANCA_PARAIBA","Ok"
"33","AGUA_BRANCA_PIAUI","Ok"
"34","AGUA_CLARA_MS","Ok"
"35","AGUA_DOCE_SC","Ok"
"36","AGUA_FRIA_BAHIA","Ok"
"37","AGUA_FRIA_DE_GOIAS_GOIAS","Ok"
"38","AGUAI_SP","Ok"
"39","AGUA_NOVA_RN","Ok"
"40","AGUA_SANTA_RS","Ok"
"41","AGUAS_DE_PRATA_SP","Ok"
"42","AGUAS_DE_LINDOIA_SP","Ok"
"43","AGUAS_DE_SANTA_BARBARA_SP","Ok"
"44","AGUAS_DE_SAO_PEDRO_SP","Ok"
"45","AGUAS_MORNAS_SC","Ok"
"46","AGUDO_RS","Ok"
"47","AGUDOS_SP","Ok"
"48","AGUIA_BRANCA_ES","Ok"
"49","AGUIARNOPOLIS_TO","Ok"
"50","AIMORES_MG","Ok"
"51","AIQUARA_BAHIA","Ok"
"52","AIURUOCA_MG","Ok"
"53","AJURICABA_RS","Ok"
"54","ALAGOA_MG","Ok"
"55","ALAGOA_GRANDE_PARAIBA","Ok"
"56","ALAGOA_NOVA_PARAIBA","Ok"
"57","ALAGOINHAS_BAHIA","Ok"
"58","ALAGOINHA_DO_PIAUI_PIAUI","Ok"
"59","ALAMBARI_SP","Ok"
"60","ALCANTARA_MA","Ok"
"61","ALCINOPOLIS_MS","Ok"
"62","ALECRIM_RS","Ok"
"63","ALEGRE_ES","Ok"
"64","ALEGRETE_RS","Ok"
"65","ALEGRIA_RS","Ok"
"66","ALEM_PARAIBA_MG","Ok"
"67","ALENQUER_PARA","Ok"
"68","ALEXANDRIA_RN","Ok"
"69","ALFENAS_MG","Ok"
"70","ALFREDO_MARCONDES_SP","Ok"
"71","ALFREDO_WAGNER_SC","Ok"
"72","ALGODAO_DE_JANDAIRA_PARAIBA","Ok"
"73","ALHANDRA_PARAIBA","Ok"
"74","ALIANCA_PE","Ok"
"75","ALIANCA_DO_TO_TO","Ok"
"76","ALMEIRIM_PARA","Ok"
"77","ALMIRANTE_TAMANDARE_PR","Ok"
"78","ALMIRANTE_TAMANDARE_DO_SUL_RS","Ok"
"79","ALOANDIA_GOIAS","Ok"
"80","ALPESTRE_RS","Ok"
"81","ALPINOPOLIS_MG","Ok"
"82","ALTA_FLORESTA_MT","Ok"
"83","ALTA_FLORESTA_D'OESTE_RO","Ok"
"84","ALTAIR_SP","Ok"
"85","ALTAMIRA_PARA","Ok"
"86","ALTAMIRA_DO_PR_PR","Ok"
"87","ALTEROSA_MG","Ok"
"88","ALTINHO_PE","Ok"
"89","ALTINOPOLIS_SP","Ok"
"90","ALTO_ALEGRE_RS","Ok"
"91","ALTO_ALEGRE_RORAIMA","Ok"
"92","ALTO_ALEGRE_SP","Ok"
"93","ALTO_ALEGRE_DO_PINDARE_MA","Ok"
"94","ALTO_ALEGRE_DOS_PARECIS_RO","Ok"
"95","ALTO_BELA_VISTA_SC","Ok"
"96","ALTO_FELIZ_RS","Ok"
"97","ALTO_HORIZONTE_GOIAS","Ok"
"98","ALTONIA_PR","Ok"
"99","ALTO_PARAISO_RO","Ok"
"100","ALTO_PR_PR","Ok"
"101","ALTO_PARNAIBA_MA","Ok"
"102","ALTOS_PIAUI","Ok"
"103","ALTO_TAQUARI_MT","Ok"
"104","ALUMINIO_SP","Ok"
"105","ALVARES_FLORENCE_SP","Ok"
"106","ALVARES_MACHADO_SP","Ok"
"107","ALVARO_DE_CARVALHO_SP","Ok"
"108","ALVORADA_RS","Ok"
"109","ALVORADA_RS","Ok"
"110","ALVINLANDIA_SP","Ok"
"111","ALVINOPOLIS_MG","Ok"
"112","ALVORADA_RS","Ok"
"113","ALVORADA_RS","Ok"
"114","ALVORADA_D'OESTE_RO","Ok"
"115","ALVORADA_DO_GURGUEIA_PIAUI","Ok"
"116","ALVORADA_DO_SUL_PR","Ok"
"117","AMAJARI_RORAIMA","Ok"
"118","AMAMBAI_MS","Ok"
"119","AMAP<U+FFFD>_AMAPA","Ok"
"120","AMARAJI_PE","Ok"
"121","AMARAL_FERRADOR_RS","Ok"
"122","AMARALINA_GOIAS","Ok"
"123","AMARANTE_DO_MA_MA","Ok"
"124","AMELIA_RODRIGUES_BAHIA","Ok"
"125","AMERICA_DOURADA_BAHIA","Ok"
"126","AMERICANA_SP","Ok"
"127","AMERICO_BRASILIENSE_SP","Ok"
"128","AMERICO_DE_CAMPOS_SP","Ok"
"129","AMPARO_SP","Ok"
"130","ANADIA_AL","Ok"
"131","ANAGE_BAHIA","Ok"
"132","ANAJAS_PARA","Ok"
"133","ANALANDIA_SP","Ok"
"134","ANANAS_TO","Ok"
"135","ANANINDEUA_PARA","Ok"
"136","ANAPOLIS_GOIAS","Ok"
"137","ANAPU_PARA","Ok"
"138","ANASTACIO_MS","Ok"
"139","ANAURILANDIA_MS","Ok"
"140","ANCANTIL_PARAIBA","Ok"
"141","ANCHIETA_SC","Ok"
"142","ANDARAI_BAHIA","Ok"
"143","ANDIRA_PR","Ok"
"144","ANDORINHA_BAHIA","Ok"
"145","ANDRADAS_MG","Ok"
"146","ANDRADINA_SP","Ok"
"147","ANDRE_DA_ROCHA_RS","Ok"
"148","ANGATUBA_SP","Ok"
"149","ANGELICA_MS","Ok"
"150","ANGELINA_SC","Ok"
"151","ANGICAL_BAHIA","Ok"
"152","ANGICO_TO","Ok"
"153","ANGRA_DOS_REIS_RJ","Ok"
"154","ANGUERA_BAHIA","Ok"
"155","ANHEMBI_SP","Ok"
"156","ANHUMAS_SP","Ok"
"157","ANITAPOLIS_SC","Ok"
"158","ANTA_GORDA_RS","Ok"
"159","ANTAS_BAHIA","Ok"
"160","ANTONINA_PR","Ok"
"161","ANTONIO_CARDOSO_BAHIA","Ok"
"162","ANTONIO_CARLOS_SC","Ok"
"163","ANTONIO_DIAS_MG","Ok"
"164","ANTONIO_GONCALVES_BAHIA","Ok"
"165","ANTONIO_JOAO_MS","Ok"
"166","ANTONIO_MARTINS_RN","Ok"
"167","ANTONIO_PRADO_RS","Ok"
"168","APARECIDA_SP","Ok"
"169","APARECIDA_DE_GOIANIA_GOIAS","Ok"
"170","APARECIDA_DE_TABOADA_MS","Ok"
"171","APARECIDA_D'OESTE_SP","Ok"
"172","APERIBE_RJ","Ok"
"173","APIAI_SP","Ok"
"174","APIUNA_SC","Ok"
"175","APORA_BAHIA","Ok"
"176","APUAREMA_BAHIA","Ok"
"177","APUCARANA_PR","Ok"
"178","AQUIDABA_SE","Ok"
"179","AQUIDAUANA_MS","Ok"
"180","AQUIRAZ_CE","Ok"
"181","ARACAJU_SE","Ok"
"182","ARACARIGUAMA_SP","Ok"
"183","ARACAS_BAHIA","Ok"
"184","ARACATI_CE","Ok"
"185","ARACATU_BAHIA","Ok"
"186","ARACATUBA_SP","Ok"
"187","ARACI_BAHIA","Ok"
"188","ARACOIABA_DA_SERRA_SP","Ok"
"189","ARACRUZ_ESPIRITO_SANTO","Ok"
"190","ARAGUACU_TO","Ok"
"191","ARAGUAINA_TO","Ok"
"192","ARAGUARI_MG","Ok"
"193","ARAGUATINS_TO","Ok"
"194","ARAIOSES,_MA","Ok"
"195","ARAL_MOREIRA_MS","Ok"
"196","ARAMARI_BAHIA","Ok"
"197","ARAMBARE_RS","Ok"
"198","ARAMINA_SP","Ok"
"199","ARANDU_SP","Ok"
"200","ARANTINA_MG","Ok"
"201","ARAPEI_SP","Ok"
"202","ARAPIRACA_AL","Ok"
"203","ARAPOEMA_TO","Ok"
"204","ARAPONGAS_PR","Ok"
"205","ARAPORA_MG","Ok"
"206","ARAPOTI_PR","Ok"
"207","ARAPUTANGA_MT","Ok"
"208","ARAQUARI_SC","Ok"
"209","ARARA_PARAIBA","Ok"
"210","ARARANGUA_SC","Ok"
"211","ARARAQUARA_SP","Ok"
"212","ARARAS_SP","Ok"
"213","ARARICA_RS","Ok"
"214","ARARIPE_CE","Ok"
"215","ARARIPINA_PE","Ok"
"216","ARARUAMA_RJ","Ok"
"217","ARARUNA_PARAIBA","Ok"
"218","ARATACA_BAHIA","Ok"
"219","ARATUIPE_BAHIA","Ok"
"220","ARAUCARIA_PR","Ok"
"221","ARATIBA_RS","Ok"
"222","ARAUJOS_MG","Ok"
"223","ARAXA_MG","Ok"
"224","ARCEBURGO_MG","Ok"
"225","ARCO-IRIS_SP","Ok"
"226","ARCOVERDE_PE","Ok"
"227","AREAL_RJ","Ok"
"228","AREALVA_SP","Ok"
"229","AREIA_PARAIBA","Ok"
"230","AREIA_DE_BARAUNAS_PARAIBA","Ok"
"231","AREIAL_PARAIBA","Ok"
"232","AREIAS_SP","Ok"
"233","AREIOPOLIS_SP","Ok"
"234","ARIPUANA_MT","Ok"
"235","ARIQUEMES_RO","Ok"
"236","ARIRANHA_SP","Ok"
"237","ARIRANHA_DO_IVAI_PR","Ok"
"238","ARMACAO_DOS_BUZIOS_RJ","Ok"
"239","ARMAZEM_SC","Ok"
"240","ARRAIAL_DO_CABO_RJ","Ok"
"241","ARROIO_DO_MEIO_RS","Ok"
"242","ARROIO_DO_PADRE_RS","Ok"
"243","ARROIO_DO_SAL_RS","Ok"
"244","ARROIO_DOS_RATOS_RS","Ok"
"245","ARROIO_DO_TIGRE_RS","Ok"
"246","ARROIO_GRANDE_RS","Ok"
"247","ARROIO_TRINTA_SC","Ok"
"248","ARTUR_NOGUEIRA_SP","Ok"
"249","ARUJA_SP","Ok"
"250","ARVOREDO_SC","Ok"
"251","ARVOREZINHA_RS","Ok"
"252","ASSAI_PR","Ok"
"253","ASCURRA_SC","Ok"
"254","ASPASIA_SP","Ok"
"255","ASSIS_SP","Ok"
"256","ASSIS_BRASIL_ACRE","Ok"
"257","ASSIS_CHATEAUBRIAND_PR","Ok"
"258","ASSUNCAO_PARAIBA","Ok"
"259","ASSUNCAO_DO_PIAUI_PIAUI","Ok"
"260","ASTORGA_PR","Ok"
"261","ATIBAIA_SP","Ok"
"262","AUGUSTINOPOLIS_TO","Ok"
"263","AUGUSTO_CORRIA_PARA","Ok"
"264","AUGUSTO_PESTANA_RS","Ok"
"265","AUREA_RS","Ok"
"266","AURELINO_LEAL_BAHIA","Ok"
"267","AURIFLAMA_SP","Ok"
"268","AURORA_CE","Ok"
"269","AURORA_DO_PARA_PARA","Ok"
"270","AUTAZES_AMAZONAS","Ok"
"271",NA,"Ok"
"272","AVANHANDAVA_SP","Ok"
"273","AVARE_SP","Ok"
"274","AVEIRO_PARA","Ok"
"275","BADY_BASSITT_SP","Ok"
"276","BAGE_RS","Ok"
"277","BAGRE_PARA","Ok"
"278","BAIANOPOLIS_BAHIA","Ok"
"279","BAIAO_PARA","Ok"
"280","BAIXA_GRANDE_BAHIA","Ok"
"281","BALBINOS_SP","Ok"
"282","BALNEARIO_ARROIO_DO_SILVA_SC","Ok"
"283","BALNEARIO_BARRA_DO_SUL_SC","Ok"
"284","BALNEARIO_CAMBORIU_SC","Ok"
"285","BALNEARIO_GAIVOTA_SC","Ok"
"286","BALNEARIO_PICARRAS_SC","Ok"
"287","BALNEARIO_PINHAL_RS","Ok"
"288",NA,"Ok"
"289","BALSAMO_SP","Ok"
"290","BALSAS_MA","Ok"
"291","BANANAL_SP","Ok"
"292","BANDEIRA_MG","Ok"
"293","BANDEIRANTE_SC","Ok"
"294","BANDEIRANTES_MS","Ok"
"295","BANNACH_PARA","Ok"
"296","BANZAE_BAHIA","Ok"
"297","BARAO_RS","Ok"
"298","BARAO_DE_ANTONINA_SP","Ok"
"299","BARAO_DE_COCAIS_MG","Ok"
"300","BARAO_DE_COTEGIPE_RS","Ok"
"301","BARAO_DE_MELGACO_MT","Ok"
"302","BARAO_DE_TRIUNFO_RS","Ok"
"303","BARAUNA_PARAIBA","Ok"
"304","BARBACENA_MG","Ok"
"305","BARCARENA_PARA","Ok"
"306","BARCELONA_RN","Ok"
"307","BARCELOS_AMAZONAS","Ok"
"308","BARIRI_SP","Ok"
"309","BARRA_BAHIA","Ok"
"310","BARRA_BONITA_SP","Ok"
"311","BARRA_BONITA_SC","Ok"
"312","BARRACAO_PR","Ok"
"313","BARRACAO_RS","Ok"
"314","BARRA_DA_ESTIVA_BAHIA","Ok"
"315","BARRA_DE_SANTA_ROSA_PARAIBA","Ok"
"316","BARRA_DE_SAO_MIGUEL_AL","Ok"
"317","BARRA_DO_BUGRES_MT","Ok"
"318","BARRA_DO_CHOCA_BAHIA","Ok"
"319","BARRA_DO_CORDO_MA","Ok"
"320","BARRA_DO_GARCAS_MT","Ok"
"321","BARRA_DO_GUARITA_RS","Ok"
"322","BARRA_DO_JACARE_PR","Ok"
"323","BARRA_DO_MENDES_BAHIA","Ok"
"324","BARRA_DO_PIRAI_RJ","Ok"
"325","BARRA_DO_QUARAI_RS","Ok"
"326","BARRA_DO_RIBEIRO_RS","Ok"
"327","BARRA_DO_RIO_AZUL_RS","Ok"
"328","BARRA_DO_ROCHA_BAHIA","Ok"
"329","BARRA_DO_TURVO_SP","Ok"
"330","BARRA_FUNDA_RS","Ok"
"331","BARRA_MANSA_RJ","Ok"
"332","BARRAS_PIAUI","Ok"
"333","BARRA_VELHA_SC","Ok"
"334","BARREIRAS_BAHIA","Ok"
"335","BARREIRINHAS_MA","Ok"
"336","BARRETOS_SP","Ok"
"337","BARRINHA_SP","Ok"
"338","BARRO_ALTO_BAHIA","Ok"
"339","BARRO_DURO_PIAUI","Ok"
"340","BARRO_PRETO_BAHIA","Ok"
"341","BARROSO_MG","Ok"
"342","BARUERI_SP","Ok"
"343","BASTOS_SP","Ok"
"344","BATAGUASSU_MS","Ok"
"345","BATALHA_AL","Ok"
"346","BATALHA_PIAUI","Ok"
"347","BATATAIS_SP","Ok"
"348","BATAYPORA_MS","Ok"
"349","BATURITE_CE","Ok"
"350","BAURU_SP","Ok"
"351","BAYEUX_PARAIBA","Ok"
"352","BEBEDOURO_SP","Ok"
"353","BELA_VISTA_MS","Ok"
"354","BELA_VISTA_DA_CAROBA_PR","Ok"
"355","BELA_VISTA_DO_PIAUI_PIAUI","Ok"
"356","BELA_VISTA_DO_TOLDO_SC","Ok"
"357","BELEM_PARA","Ok"
"358","BELEM_PARAIBA","Ok"
"359","BELEM_DE_SAO_FRANCISCO_PE","Ok"
"360","BELFORD_ROXO_RJ","Ok"
"361",NA,"Ok"
"362","BELO_HORIZONTE_MG","Ok"
"363","BELO_JARDIM_PE","Ok"
"364","BELO_MONTE_AL","Ok"
"365","BELTERRA_PARA","Ok"
"366","BENEDITO_NOVO_SC","Ok"
"367","BENEVIDES_PARA","Ok"
"368","BENJAMIN_CONSTANT_AMAZONAS","Ok"
"369","BENJAMIN_CONSTANT_DO_SUL_RS","Ok"
"370","BENTO_DE_ABREU_SP","Ok"
"371","BENTO_FERNANDES_RN","Ok"
"372","BENTO_GONCALVES_RS","Ok"
"373","BERNARDINO_BATISTA_PARAIBA","Ok"
"374","BERNARDINO_DE_CAMPOS_SP","Ok"
"375","BERNARDO_SAYAO_TO","Ok"
"376","BERTIOGA_SP","Ok"
"377","BERTOPOLIS_MG","Ok"
"378","BETIM_MG","Ok"
"379","BIGUACU_SC","Ok"
"380","BILAC_SP","Ok"
"381","BIRIGUI_SP","Ok"
"382","BIRITIBA-MIRIM_SP","Ok"
"383","BIRITINGA_BAHIA","Ok"
"384","BITURUNA_PR","Ok"
"385","BLUMENAU_SC","Ok"
"386","BOA_ESPERANCA_ES","Ok"
"387","BOA_ESPERANCA_DO_SUL_SP","Ok"
"388","BOA_SAUDE_RN","Ok"
"389","JANUARIO_CICCO_RN","Ok"
"390","BOA_VISTA_PARAIBA","Ok"
"391","BOA_VISTA_RORAIMA","Ok"
"392","BOA_VISTA_DAS_MISSOES_RS","Ok"
"393","BOA_VISTA_DO_BURICA_RS","Ok"
"394","BOA_VISTA_DO_CADEADO_RS","Ok"
"395","BOA_VISTA_DO_INCRA_RS","Ok"
"396","BOA_VISTA_DO_SUL_RS","Ok"
"397","BOCA_DA_MATA_AL","Ok"
"398","BOCAINA_SP","Ok"
"399","BOCAINA_DO_SUL_SC","Ok"
"400","BODO_RN","Ok"
"401","BODOQUENA_MT_DO_SOL","Ok"
"402","BOFETE_SP","Ok"
"403","BOITUVA_SP","Ok"
"404","BOMBINHAS_SC","Ok"
"405","BOM_DESPACHO_MG","Ok"
"406","BOM_JARDIM_MA","Ok"
"407","BOM_JARDIM_RJ","Ok"
"408","BOM_JARDIM_DA_SERRA_SC","Ok"
"409","BOM_JARDIM_DE_GOIAS_GOIAS","Ok"
"410","BOM_JESUS_RS","Ok"
"411","BOM_JESUS_SC","Ok"
"412","BOM_JESUS_DA_LAPA_BAHIA","Ok"
"413","BOM_JESUS_DAS_SELVAS_MA","Ok"
"414","BOM_JESUS_DO_ITAPABOANA_RJ","Ok"
"415","BOM_JESUS_DO_OESTE_SC","Ok"
"416","BOM_JESUS_DOS_PERDOES_SP","Ok"
"417","BOM_JESUS_DO_TO_PARA","Ok"
"418","BOM_PRINCIPO_RS","Ok"
"419","BOM_RETIRO_SC","Ok"
"420","BOM_RETIRO_DO_SUL_RS","Ok"
"421","BOM_SUCESSO_DE_ITARARE_SP","Ok"
"422","BONFIM_RORAIMA","Ok"
"423","BONFINOPOLIS_GOIAS","Ok"
"424","BONFINOPOLIS_DE_MINAS_MG","Ok"
"425","BONITO_MS","Ok"
"426","BONITO_PARA","Ok"
"427","BONITO_DE_SANTA_FE_PARAIBA","Ok"
"428","BOQUEIRAO_PARAIBA","Ok"
"429","BOQUEIRAO_DO_LEAO_RS","Ok"
"430","BOQUIM_SE","Ok"
"431",NA,"Ok"
"432","BORACEIA_SP","Ok"
"433","BORBOREMA_SP","Ok"
"434","BORDA_DA_MATA_MG","Ok"
"435","BOREBI_SP","Ok"
"436","BOSSOROCA_RS","Ok"
"437","BOTUCATU_SP","Ok"
"438","BOTUMIRIM_MG","Ok"
"439","BOTUVERA_SC","Ok"
"440","BOZANO_RS","Ok"
"441","BRACO_DO_NORTE_SC","Ok"
"442","BRACO_DO_TROMBUDO_SC","Ok"
"443","BRAGANCA_PARA","Ok"
"444","BRAGANCA_PAULISTA_SP","Ok"
"445","BRASILEIA_ACRE","Ok"
"446","BRASILANDIA_MS","Ok"
"447","BRASIL_NOVO_PARA","Ok"
"448","BRASOPOLIS_MG","Ok"
"449","BRAUNA_SP","Ok"
"450","BRAZLANDIA_DISTRITO_FEDERAL","Ok"
"451","BREJAO_PE","Ok"
"452","BREJO_ALEGRE_SP","Ok"
"453","BREJO_GRANDE_DO_ARAGUAIA_PARA","Ok"
"454","BREJO_SANTO_CE","Ok"
"455","BREU_BRANCO_PARA","Ok"
"456","BREVES_PARA","Ok"
"457","BRITANIA_GOIAS","Ok"
"458","BROCHIER_RS","Ok"
"459","BRODOWSKI_SP","Ok"
"460","BROTAS_SP","Ok"
"461","BRUMADO_BAHIA","Ok"
"462","BRUNOPOLIS_SC","Ok"
"463","BRUSQUE_SC","Ok"
"464","BUENO_BRANDAO_MG","Ok"
"465","BUIQUE_PE","Ok"
"466","BUJARI_ACRE","Ok"
"467","BUJARU_PARA","Ok"
"468","BURI_SP","Ok"
"469","BURITAMA_SP","Ok"
"470","BURITI_BRAVO_MA_","Ok"
"471","BURITICUPU_MA","Ok"
"472","BURITI_DO_TO_TO","Ok"
"473","BURITIS_RO","Ok"
"474",NA,"Ok"
"475","BURITIZEIRO_MG","Ok"
"476","BUTIA_RS","Ok"
"477","CAAPIRANGA_AMAZONAS","Ok"
"478","CAARAPO_MS","Ok"
"479","CAATIBA_BAHIA","Ok"
"480","CABACEIRAS_PARAIBA","Ok"
"481","CABACEIRAS_DO_PARAGUACU_BAHIA","Ok"
"482","CABEDELO_PARAIBA","Ok"
"483","CABO_FRIO_RJ","Ok"
"484","CABO_SANTO_AGOSTINHO_PE","Ok"
"485","CABRALIA_PAULISTA_SP","Ok"
"486","CABREUVA_SP","Ok"
"487","CACADOR_SC","Ok"
"488","CACAPAVA_SP","Ok"
"489","CACAULANDIA_RONDONIA","Ok"
"490","CACERES_MT","Ok"
"491","CACHOEIRA_BAHIA","Ok"
"492","CACHOEIRINHA_TO","Ok"
"493","CACHOEIRO_DE_ITAPEMIRIM_ES","Ok"
"494","CACHOEIRA_DE_MACACU_RJ","Ok"
"495","CACHOEIRA_DE_MINAS_MG","Ok"
"496","CACHOEIRA_DO_ARARI_PARA","Ok"
"497","CACHOEIRA_DO_PIRIA_PARA","Ok"
"498","CACHOEIRA_DO_SUL_RS","Ok"
"499","CACHOEIRA_PAULISTA_SP","Ok"
"500","CACHOEIRINHA_RS","Ok"
"501","CACIMBA_DE_DENTRO_PARAIBA","Ok"
"502","CACIMBAS_PARAIBA","Ok"
"503","CACIMBINHAS_AL","Ok"
"504","CACIQUE_DOBLE_RS","Ok"
"505","CACOAL_RONDONIA","Ok"
"506","CACONDE_SP","Ok"
"507","CAETANOPOLIS_MG","Ok"
"508","CAETITE_BAHIA","Ok"
"509","CAFEARA_PR","Ok"
"510","CAFELANDIA_PR","Ok"
"511","CAFELANDIA_SP","Ok"
"512","CAIABU_SP","Ok"
"513","CAIBAT<U+FFFD>_RS","Ok"
"514","CAIBI_SC","Ok"
"515","CAICARA_RS","Ok"
"516","CAICO_RN","Ok"
"517","CAIEIRAS_SP","Ok"
"518","CAIUA_SP","Ok"
"519","CAJAMAR_SP","Ok"
"520","CAJATI_SP","Ok"
"521","CAJAZEIRAS_PARAIBA","Ok"
"522","CAJOBI_SP","Ok"
"523","CAJURU_SP","Ok"
"524","CALCADO_PE","Ok"
"525","CALCOENE_AMAPA","Ok"
"526","CALDAS_NOVAS_GOIAS","Ok"
"527","CALDAS_BRANDAO_PARAIBA","Ok"
"528","CALMON_SC","Ok"
"529","CAMACAM_BAHIA","Ok"
"530","CAMALAU_PARAIBA","Ok"
"531","CAMANDUCAIA_MG","Ok"
"532","CAMAPUA_MS","Ok"
"533","CAMAQUA_RS","Ok"
"534","CAMARAGIBE_PE","Ok"
"535","CAMARGO_RS","Ok"
"536","CAMBARA_PR","Ok"
"537","CAMBARA_DO_SUL_RS","Ok"
"538","CAMBE_PR","Ok"
"539","CAMBORIU_SC","Ok"
"540","CAMBUCI_RJ","Ok"
"541","CAMBUI_MG","Ok"
"542","CAMETA_PARA","Ok"
"543","CAMOCIM_DE_SAO_FELIX_PE","Ok"
"544","CAMPESTRE_AL","Ok"
"545","CAMPESTRE_DA_SERRA_RS","Ok"
"546","CAMPINA_DAS_MISSOES_RS","Ok"
"547","CAMPINA_DO_MONTE_ALEGRE_SP","Ok"
"548","CAMPINA_GRANDE_PARAIBA","Ok"
"549","CAMPINA_GRANDE_DO_SUL_PR","Ok"
"550","CAMPINAS_SP","Ok"
"551","CAMPINAS_DO_PIAUI_PIAUI","Ok"
"552","CAMPINAS_DO_SUL_RS","Ok"
"553","CAMPO_ALEGRE_AL","Ok"
"554","CAMPO_ALEGRE_SC","Ok"
"555","CAMPO_BELO_DO_SUL_SC","Ok"
"556","CAMPO_BOM_RS","Ok"
"557","CAMPO_DO_MEIO_MG","Ok"
"558","CAMPO_ERE_SC","Ok"
"559","CAMPO_GRANDE_MS","Ok"
"560","CAMPO_LARGO_PR","Ok"
"561","CAMPO_LIMPO_DE_GOIAS_GOIAS","Ok"
"562","CAMPO_LIMPO_PAULISTA_SP","Ok"
"563","CAMPO_MAIOR_PIAUI","Ok"
"564","CAMPO_MOURAO_PR","Ok"
"565","CAMPO_NOVO_RS","Ok"
"566","CAMPO_NOVO_DE_RONDONIA_RONDONIA","Ok"
"567","CAMPO_NOVO_DO_PARECIS_MT","Ok"
"568","CAMPOS_BELOS,_GOIAS","Ok"
"569","CAMPOS_BORGES_RS","Ok"
"570","CAMPOS_DE_JULIO_MT","Ok"
"571","CAMPOS_DOS_GOYTACAZES_RJ","Ok"
"572","CAMPOS_DO_JORDAO_SP","Ok"
"573","CAMPOS_NOVOS_SC","Ok"
"574","CAMPOS_NOVOS_PAULISTA_SP","Ok"
"575","CANANEIA_SP","Ok"
"576","CAMPO_VERDE_MT","Ok"
"577","CANAA_DOS_CARAJAS_PARA","Ok"
"578","CAMPOS_NOVOS_PAULISTA_SP","Ok"
"579","CANANEIA_SP","Ok"
"580","CANARANA_MT","Ok"
"581","CANAS_SP","Ok"
"582","CANA_VERDE_MG","Ok"
"583","CANAVIEIRA_PIAUI","Ok"
"584","CANAVIEIRAS_BAHIA","Ok"
"585","CANDANGOLANDIA_DISTRITO_FEDERAL","Ok"
"586","CANDEIAS_MG","Ok"
"587","CANDELARIA_RS","Ok"
"588","CANDIDO_GODOI_RS","Ok"
"589","CANDIDO_MOTA_SP","Ok"
"590","CANDIDO_RODRIGUES_SP","Ok"
"591","CANDIOTA_RS","Ok"
"592","CANELA_RS","Ok"
"593","CANELINHA_SC","Ok"
"594","CANGUCU_RS","Ok"
"595","CANINDE_CE","Ok"
"596","CANITAR_SP","Ok"
"597","CANOAS_RS","Ok"
"598","CANOINHAS_SC","Ok"
"599","CANTA_RORAIMA","Ok"
"600","CANTAGALO_RJ","Ok"
"601","CANTANHEDE_MA","Ok"
"602","CANTO_DO_BURITI_PIAUI","Ok"
"603","CANUDOS_DO_VALE_RS","Ok"
"604","CAPANEMA_PARA","Ok"
"605","CAPANEMA_PR","Ok"
"606","CAPAO_ALTO_SC","Ok"
"607","CAPAO_BONITO_SP","Ok"
"608","CAPAO_BONITO_DO_SUL_RS","Ok"
"609","CAPAO_DA_CANOA_RS","Ok"
"610","CAPAO_DO_LEAO_RS","Ok"
"611","CAPELA_AL","Ok"
"612","CAPELA_DE_SANTANA_RS","Ok"
"613",NA,"Ok"
"614","CAPINZAL_SC","Ok"
"615","CAPITAO_RS","Ok"
"616","CAPITAO_POCO_PARA","Ok"
"617","CAPITAO_LEONIDAS_MARQUES_PR","Ok"
"618","CAPIVARI_SP","Ok"
"619","CAPIVARI_DE_BAIXO_SC","Ok"
"620","CAPIVARI_DO_SUL_RS","Ok"
"621","CAPIXABA_ACRE","Ok"
"622","CARAA_RS","Ok"
"623","CARACARAI_RORAIMA","Ok"
"624","CARACOL_MS","Ok"
"625","CARAGUATATUBA_SP","Ok"
"626","CARAMBEI_PR","Ok"
"627","CARANAIBA_MG","Ok"
"628","CARANGOLA_MG","Ok"
"629","CARAPEBUS_RJ","Ok"
"630","CARAPICUIBA_SP","Ok"
"631","CARATINGA_MG","Ok"
"632","CARAUARI_AMAZONAS","Ok"
"633","CARAUBAS_RN","Ok"
"634","CARAZINHO_RS","Ok"
"635","CARDOSO_SP","Ok"
"636","CARDOSO_MOREIRA_RJ","Ok"
"637","CAREIRO_AMAZONAS","Ok"
"638","CARIACICA_ES","Ok"
"639","CARIRA_SE","Ok"
"640","CARIRE_CE","Ok"
"641","CARIRI_DO_TO_TO","Ok"
"642","CARLOPOLIS_PR","Ok"
"643","CARLOS_BARBOSA_RS","Ok"
"644","CARLOS_CHAGAS_MG","Ok"
"645","CARLOS_GOMES_RS","Ok"
"646","CARMO_RJ","Ok"
"647","CARMO_DA_CACHOEIRA_MG","Ok"
"648","CARMO_DO_CAJURU_MG","Ok"
"649","CARMO_DO_PARANAIBA_MG","Ok"
"650","CARMO_DO_RIO_CLARO_MG","Ok"
"651","CARNAUBAL_CE","Ok"
"652","CARNAUBA_DOS_DANTAS_RN","Ok"
"653","CARNAUBEIRA_DA_PENHA_PE","Ok"
"654","CARNEIRINHO_MG","Ok"
"655","CAROEBE_RORAIMA","Ok"
"656","CARPINA_PE","Ok"
"657","CARUARU_PE","Ok"
"658","CARRAPATEIRA_PARAIBA","Ok"
"659","CASA_BRANCA_SP","Ok"
"660","CASCA_RS","Ok"
"661","CASCALHO_RICO_MG","Ok"
"662","CASCAVEL_CE","Ok"
"663","CASCAVEL_PR","Ok"
"664","CASEIROS_RS","Ok"
"665","CASIMIRO_DE_ABREU_RJ","Ok"
"666","CASSERENGUE_PARAIBA","Ok"
"667","CASSIA_MG","Ok"
"668","CASSILANDIA_MS","Ok"
"669","CASTANHAL_PARA","Ok"
"670","CASTELO_ESPIRITO_SANTO","Ok"
"671","CASTELO_DO_PIAUI_PIAUI","Ok"
"672","CASTILHO_SP","Ok"
"673","CASTRO_PR","Ok"
"674","CATAGUASES_MG","Ok"
"675","CATALAO_GOIAS","Ok"
"676","CATANDUVA_SP","Ok"
"677","CATANDUVAS_SC","Ok"
"678","CATAS_ALTAS_MG","Ok"
"679",NA,"Ok"
"680","CATOLE_DO_ROCHA_PARAIBA","Ok"
"681","CATUIPE_RS","Ok"
"682","CATURITE_PARAIBA","Ok"
"683","CAUCAIA_CE","Ok"
"684","CAVALCANTE_GOIAS","Ok"
"685","CAXAMBU_DO_SUL_SC","Ok"
"686","CAXIAS_MA","Ok"
"687","CAXIAS_DO_SUL_RS","Ok"
"688","CAXINGO_PIAUI","Ok"
"689","CEDRAL_MA","Ok"
"690","CEDRAL_SP","Ok"
"691","CEDRO_CE","Ok"
"692","CEDRO_PE","Ok"
"693","CEILANDIA_DISTRITO_FEDERAL","Ok"
"694",NA,"Ok"
"695","CENTRAL_BAHIA","Ok"
"696","CENTRAL_DE_MINAS_MG","Ok"
"697","CEREJEIRAS_RONDONIA","Ok"
"698","CERQUEIRA_CESAR_SP","Ok"
"699","CERQUILHO_SP","Ok"
"700","CERRO_AZUL_PR","Ok"
"701","CERRO_BRANCO_RS","Ok"
"702","CERRO_CORA_RN","Ok"
"703","CERRO_GRANDE_RS","Ok"
"704","CERRO_GRANDE_DO_SUL_RS","Ok"
"705","CERRO_LARGO_RS","Ok"
"706","CERRO_NEGRO_SC","Ok"
"707","CESARIO_LANGE_SP","Ok"
"708","CHACARA_MG","Ok"
"709","CHA_GRANDE_PE","Ok"
"710","CHAPADA_RS","Ok"
"711","CHAPADA_GAUCHA_MG","Ok"
"712","CHAPADAO_DO_CEU_GOIAS","Ok"
"713","CHAPADAO_DO_LAGEADO_SC","Ok"
"714","CHAPADAO_DO_SUL_MS","Ok"
"715","CHAPADINHA_MA","Ok"
"716","CHAPECO_SC","Ok"
"717","CHA_PRETA_AL","Ok"
"718","CHARQUEADA_SP","Ok"
"719","CHARQUEADAS_RS","Ok"
"720","CHARRUA_RS","Ok"
"721","CHAVANTES_SP","Ok"
"722","CHAVES_PARA","Ok"
"723","CHIAPETTA_RS","Ok"
"724","CHOPINZINHO_PR","Ok"
"725","CHUI_RS","Ok"
"726","CHUPINGUAIA_RONDONIA","Ok"
"727","CHUVISCA_RS","Ok"
"728","CIANORTE_PR","Ok"
"729","CIDADE_GAUCHA_PR","Ok"
"730","CIDREIRA_RS","Ok"
"731","CIPO_BAHIA","Ok"
"732","CIRIACO_RS","Ok"
"733","CLEMENTINA_SP","Ok"
"734","CLEVELANDIA_PR","Ok"
"735","COARI_AMAZONAS","Ok"
"736","COCAL_DO_SUL_SC","Ok"
"737","CODO_MA","Ok"
"738","COELHO_NETO_MA","Ok"
"739","COIMBRA_MG","Ok"
"740","COITE_DO_NOIA_AL","Ok"
"741","COLARES_PARA","Ok"
"742","COLATINA_ES","Ok"
"743","COLIDER_MT","Ok"
"744","COLINA_SP","Ok"
"745","COLINAS_RS","Ok"
"746","COLINAS_DO_TO_TO","Ok"
"747","COLNIZA_MT","Ok"
"748","COLOMBIA_SP","Ok"
"749","COLOMBO_PR","Ok"
"750","COLONIA_DO_GURGUEIA_PIAUI","Ok"
"751","COLONEL_JOAO_PESSOA_RN","Ok"
"752","COLORADO_RS","Ok"
"753","COLORADO_D'OESTE_RO","Ok"
"754","COMENDADOR_LEVY_GASPARIAN_RJ","Ok"
"755","COMODORO_MT","Ok"
"756","CONCEICAO_DA_BARRA_ES","Ok"
"757","CONCEICAO_DAS_PEDRAS_MG","Ok"
"758","CONCEICAO_DE_MACABU_RJ","Ok"
"759","CONCEICAO_DO_ARAGUAIA_PARA","Ok"
"760","CONCEICAO_DO_CASTELO_ES","Ok"
"761","CONCEICAO_DO_RIO_VERDE_MG","Ok"
"762","CONCEICAO_DO_TO_TO","Ok"
"763","CONCHAL_SP","Ok"
"764","CONCHAS_SP","Ok"
"765","CONCORDIA_SC","Ok"
"766","CONCORDIA_DO_PARA_PARA","Ok"
"767","CONDE_PARAIBA","Ok"
"768","CONDEUBA_BAHIA","Ok"
"769","CONDOR_RS","Ok"
"770","CONGONHAS_MG","Ok"
"771","CONGONHAS_DO_NORTE_MG","Ok"
"772","CONQUISTA_MG","Ok"
"773","CONQUISTA_D'OESTE_MT","Ok"
"774","CONSELHEIRO_LAFAIETE_MG","Ok"
"775","CONSELHEIRO_MAIRINCK_PR","Ok"
"776","CONSTANTINA_RS","Ok"
"777","CONTAGEM_MG","Ok"
"778","COQUEIRO_BAIXO_RS","Ok"
"779","COQUEIROS_DO_SUL_RS","Ok"
"780","CORACAO_DE_JESUS_MG","Ok"
"781","CORBELIA_PR","Ok"
"782","CORDEIRO_RJ","Ok"
"783","CORDEIROPOLIS_SP","Ok"
"784","CORDILHEIRA_ALTA_SC","Ok"
"785","COREMAS_PB","Ok"
"786","CORGUINHO_MS","Ok"
"787","CORNELIO_PROCOPIO_PR","Ok"
"788","COROADOS_SP","Ok"
"789","CORONEL_BARROS_RS","Ok"
"790","CORONEL_BICACO_RS","Ok"
"791","CORONEL_FABRICIANO_MG","Ok"
"792","CORONEL_FREITAS_SC","Ok"
"793","CORONEL_MACEDO_SP","Ok"
"794","CORONEL_MARTINS_SC","Ok"
"795","CORONEL_PILAR_RS","Ok"
"796","CORONEL_SAPUCAIA_MS","Ok"
"797","CORONEL_VIVIDA_PR","Ok"
"798","CORREGO_DANTA_MG","Ok"
"799","CORREIA_PINTO_SC","Ok"
"800","CORRENTES_PE","Ok"
"801","CORUMBA_MS","Ok"
"802","CORUMBAIBA_GOIAS","Ok"
"803",NA,"Ok"
"804","CORUMBIARA_RONDONIA","Ok"
"805","CORUPA_SC","Ok"
"806","COSMOPOLIS_SP","Ok"
"807","COSMORAMA_SP","Ok"
"808","COSTA_RICA_MS","Ok"
"809","COTEGIPE_BAHIA","Ok"
"810","COTIA_SP","Ok"
"811","COTRIGUACU_MT","Ok"
"812","COUTO_DE_MAGALHAES_TO","Ok"
"813","COXILHA_RS","Ok"
"814","COXIM_MS","Ok"
"815","CRAIBAS_AL","Ok"
"816","CRATEUS_CE","Ok"
"817","CRAVINHOS_SP","Ok"
"818","CRICIUMA_SC","Ok"
"819","CRISSIUMAL_RS","Ok"
"820","CRISTAIS_PAULISTA_SP","Ok"
"821","CRISTALINA_GOIAS","Ok"
"822","CRISTAL_RS","Ok"
"823","CRISTIANOPOLIS_GOIAS","Ok"
"824","CRISTINO_CASTRO_PIAUI","Ok"
"825","CRUZ_CE","Ok"
"826","CRUZALIA_SP","Ok"
"827","CRUZ_ALTA_RS","Ok"
"828","CRUZALTENSE_RS","Ok"
"829","CRUZ_DAS_ALMAS_BAHIA","Ok"
"830","CRUZEIRO_DISTRITO_FEDERAL","Ok"
"831","CRUZEIRO_SP","Ok"
"832","CRUZEIRO_DO_IGUACU_PR","Ok"
"833",NA,"Ok"
"834","CRUZEIRO_DO_SUL_ACRE","Ok"
"835","CRUZEIRO_DO_SUL_PR","Ok"
"836","CRUZEIRO_DO_SUL_RS","Ok"
"837","CRUZETA_RN","Ok"
"838","CRUZILIA_MG","Ok"
"839","CUBATAO_SP","Ok"
"840","CUIABA_MT","Ok"
"841","CUITE_PARAIBA","Ok"
"842","CUMARU_DO_NORTE_PARA","Ok"
"843","CUNHA_SP","Ok"
"844","CUNHA_PORA_SC","Ok"
"845","CUPARAQUE_MG","Ok"
"846","CURIONOPOLIS_PARA","Ok"
"847","CURITIBA_PR","Ok"
"848","CURITIBANOS_SC","Ok"
"849","CURIUVA_PR","Ok"
"850","CURRAIS_NOVOS_RN","Ok"
"851","CURRALINHO_PARA","Ok"
"852","CURRALINHOS_PIAUI","Ok"
"853","CURUA_PARA","Ok"
"854","CURUCA_PARA","Ok"
"855","CURURUPU_MA","Ok"
"856","CURVELANDIA_MT","Ok"
"857","CURVELO_MG","Ok"
"858",NA,"Ok"
"859","DAVID_CANABARRO_RS","Ok"
"860","DEODAPOLIS_MS","Ok"
"861","DERRUBADAS_RS","Ok"
"862","DESCALVADO_SAO_PAULO","Ok"
"863","DESCANSO_SC","Ok"
"864","DESTERRO_PARAIBA","Ok"
"865","DESTERRO_DO_MELO_MG","Ok"
"866","DEZESSEIS_DE_NOVEMBRO_RS","Ok"
"867","DIADEMA_SP","Ok"
"868","DIAMANTE_PARAIBA","Ok"
"869","DIAMANTE_DO_NORTE_PR","Ok"
"870","DIAMANTE_DO_SUL_PR","Ok"
"871","DIAMANTINA_MG","Ok"
"872","DIAMANTINO_MT","Ok"
"873","DIANOPOLIS_TO","Ok"
"874","DILERMANDO_DE_AGUIAR_RS","Ok"
"875","DIONISIO_CERQUEIRA_SC","Ok"
"876","DIVINESIA_MG","Ok"
"877","DIVINOLANDIA_SP","Ok"
"878","DIVINOPOLIS_MG","Ok"
"879","DOBRADA_SP","Ok"
"880","DOIS_CORREGOS_SP","Ok"
"881","DOIS_IRMAOS_RS","Ok"
"882","DOIS_IRMAOS_DO_BURITI_MS","Ok"
"883","DOIS_IRMAOS_DAS_MISSOES_RS","Ok"
"884","DOIS_LAJEADOS_RS","Ok"
"885","DOIS_VIZINHOS_PR","Ok"
"886","DOM_AQUINO_MT","Ok"
"887","DOM_ELISEU_PARA","Ok"
"888","DOM_FELICIANO_RS","Ok"
"889","DOMINGOS_MARTINS_ESPIRITO_SANTO","Ok"
"890","DOM_JOAQUIM_MG","Ok"
"891","DOM_PEDRITO_RS","Ok"
"892","DOM_PEDRO_DE_ALCANTARA_RS","Ok"
"893","DOM_SILVERIO_MG","Ok"
"894","DONA_EMMA_SC","Ok"
"895","DONA_FRANCISCA_RS","Ok"
"896","DORES_DE_CAMPOS_MG","Ok"
"897","DORES_DE_INDAIA_MG","Ok"
"898","DOURADINA_MS","Ok"
"899","DOURADO_SP","Ok"
"900","DOURADOS_MS","Ok"
"901","DOUTOR_MAURICIO_CARDOSO_RS","Ok"
"902","DOUTOR_PEDRINHO_SC","Ok"
"903","DOUTOR_RICARDO_RS","Ok"
"904","DRACENA_SAO_PAULO","Ok"
"905","DUARTINA_SP","Ok"
"906","DUAS_BARRAS_RJ","Ok"
"907","DUMONT_SP","Ok"
"908","DUQUE_DE_CAXIAS_RJ","Ok"
"909","ECHAPORA_SP","Ok"
"910","ECOPORANGA_ESPIRITO_SANTO","Ok"
"911","ELDORADO_MS","Ok"
"912","ELDORADO_SP","Ok"
"913","ELDORADO_DOS_CARAJAS_PARA","Ok"
"914","ELDORADO_DO_SUL_RS","Ok"
"915","ELIAS_FAUSTO_SP","Ok"
"916","ELISIARIO_SP","Ok"
"917","EMBAUBA_SP","Ok"
"918","EMBU_DAS_ARTES_SP","Ok"
"919","EMBU-GUACU_SP","Ok"
"920","EMILIANOPOLIS_SP","Ok"
"921","ENCANTADO_RS","Ok"
"922","ENCRUZILHADA_DO_SUL_RS","Ok"
"923","ENGENHEIRO_COELHO_SP","Ok"
"924","ENGENHEIRO_PAULO_DE_FRONTIN_RJ","Ok"
"925","ENGENHO_VELHO_RS","Ok"
"926","ENTRE-IJUIS_RS","Ok"
"927","ENTRE_RIOS_SC","Ok"
"928","ENTRE_RIOS_DE_MINAS_MG","Ok"
"929","ENTRE_RIOS_DO_OESTE_PR","Ok"
"930","ENTRE_RIOS_DO_SUL_RS","Ok"
"931","EPITACIOLANDIA_ACRE","Ok"
"932","EREBANGO_RS","Ok"
"933","ERECHIM_RS","Ok"
"934","ERMO_SC","Ok"
"935","ERNESTINA_RS","Ok"
"936","ERVAL_GRANDE_RS","Ok"
"937","ERVAL_SECO_RS","Ok"
"938","ERVAL_VELHO_SC","Ok"
"939","ESCADA_PE","Ok"
"940","ESMERALDA_RS","Ok"
"941","ESPERA_FELIZ_MG","Ok"
"942","ESPERANCA_PARAIBA","Ok"
"943","ESPERAN<U+FFFD>A_DO_SUL_RS","Ok"
"944","ESPERANTINA_PIAUI","Ok"
"945","ESPIGAO_ALTO_DO_IGUACU_PR","Ok"
"946","ESPIGAO_D'OESTE_RO","Ok"
"947","ESPIRITO_SANTO_DO_PINHAL_SP","Ok"
"948","ESPIRITO_SANTO_DO_TURVO_SP","Ok"
"949","ESPUMOSA_RS","Ok"
"950","ESTANCIA_SE","Ok"
"951","ESTANCIA_BALNEARIA_DE_PERUIBE_SP","Ok"
"952","PERUIBE_SP","Ok"
"953","ESTANCIA_VELHA_RS","Ok"
"954","ESTEIO_RS","Ok"
"955","ESTIVA_MG","Ok"
"956","ESTIVA_GERBI_SP","Ok"
"957","ESTRELA_RS","Ok"
"958","ESTRELA_D'OESTE_SP","Ok"
"959","ESTRELA_DO_NORTE_SP","Ok"
"960","ESTRELA_VELHA_RS","Ok"
"961","EUCLIDES_DA_CUNHA_BAHIA","Ok"
"962","EUCLIDES_DA_CUNHA_PAULISTA_SP","Ok"
"963","EUGENIO_DE_CASTRO_RS","Ok"
"964","EUNAPOLIS_BAHIA","Ok"
"965","EXTREMA_MG","Ok"
"966","EXU_PE","Ok"
"967","FAGUNDES_PARAIBA","Ok"
"968","FAGUNDES_VARELA_RS","Ok"
"969","FARIAS_BRITO_CE","Ok"
"970","FARO_PARA","Ok"
"971","FAROL_PR","Ok"
"972","FARROUPILHA_RS","Ok"
"973","FARTURA_SP","Ok"
"974","FATIMA_DO_SUL_MS","Ok"
"975","FAXINAL_DO_SOTURNO_RS","Ok"
"976","FAZENDA_RIO_GRANDE_PR","Ok"
"977","FAZENDA_VILANOVA_RS","Ok"
"978","FEIJO_ACRE","Ok"
"979","FEIRA_DE_SANTANA_BAHIA","Ok"
"980","FELIPE_GUERRA_RN","Ok"
"981","FELIZ_RS","Ok"
"982","FELIZ_NATAL_MT","Ok"
"983","FERNANDES_PINHEIRO_PR","Ok"
"984","FERNANDO_DE_NORONHA_PE","Ok"
"985","FERNANDOPOLIS_SP","Ok"
"986","FERNANDO_PRESTES_SP","Ok"
"987","FERNAO_SP","Ok"
"988","FERRAZ_DE_VASCONCELOS_SP","Ok"
"989",NA,"Ok"
"990","FERROS_MG","Ok"
"991","FIGUEIRAO_MS","Ok"
"992","FLORA_RICA_SP","Ok"
"993","FLOR_DA_SERRA_DO_SUL_PARANA","Ok"
"994","FLOR_DO_SERTAO_SC","Ok"
"995","FLOREAL_SP","Ok"
"996","FLORES_DA_CUNHA_RS","Ok"
"997","FLORESTA_PE","Ok"
"998","FLORESTA_DO_ARAGUAIA_PARA","Ok"
"999","FLORESTOPOLIS_PARANA","Ok"
"1000","FLORIANO_PIAUI","Ok"
"1001","FLORIANOPOLIS_SC","Ok"
"1002","FLORIDA_PAULISTA_SP","Ok"
"1003",NA,"Ok"
"1004","FONTOURA_XAVIER_RS","Ok"
"1005","FORMIGUEIRO_RS","Ok"
"1006","FORQUETINHA_RS","Ok"
"1007","FORQUILHA_CE","Ok"
"1008","FORMOSA_GOIAS","Ok"
"1009","FORMOSA_DA_SERRA_NEGRA_MA","Ok"
"1010","FORMOSO_DO_ARAGUAIA_TO","Ok"
"1011","FORMOSA_DO_SUL_SC","Ok"
"1012","FORQUILHINHA_SC","Ok"
"1013","FORTALEZA_CE","Ok"
"1014","FORTALEZA_DOS_VALOS_RS","Ok"
"1015","FORTIM_CE","Ok"
"1016","FOZ_DO_IGUACU_PR","Ok"
"1017","FRAIBURGO_SC","Ok"
"1018","FRANCA_SP","Ok"
"1019","FRANCISCO_ALVES_PARANA","Ok"
"1020","FRANCISCO_BELTRAO_PR","Ok"
"1021","FRANCISCO_MACEDO_PIAUI","Ok"
"1022","FRANCISCO_MORATO_SP","Ok"
"1023","FRANCISCOPOLIS_MG","Ok"
"1024","FRANCO_DA_ROCHA_SP","Ok"
"1025","FREDERICO_WESTPHALEN_RS","Ok"
"1026","FREI_GASPAR_MG","Ok"
"1027","FREI_MARTINHO_PARAIBA","Ok"
"1028","FREI_ROGERIO_SC","Ok"
"1029","FRONTEIRA_DOS_VALES_MG","Ok"
"1030","FRUTAL_MG","Ok"
"1031","FUNDAO_ES","Ok"
"1032","GABRIEL_MONTEIRO_SP","Ok"
"1033","GALIA_SP","Ok"
"1034","GALILEIA_MG","Ok"
"1035","GALINHOS_RN","Ok"
"1036","GAMA_DISTRITO_FEDERAL","Ok"
"1037","GARANHUNS_PE","Ok"
"1038","GARARU_SE","Ok"
"1039","GARCA_SP","Ok"
"1040","GARIBALDI_RS","Ok"
"1041","GAROPABA_SC","Ok"
"1042","GARRAFAO_DO_NORTE_PARA","Ok"
"1043","GARRUCHOS_RS","Ok"
"1044","GARUVA_SC","Ok"
"1045","GASPAR_SC","Ok"
"1046","GASTAO_VIDIGAL_SP","Ok"
"1047","GAURAMA_RS","Ok"
"1048","GAVIAO_PEIXOTO_SP","Ok"
"1049","GENERAL_CAMARA_RS","Ok"
"1050","GENERAL_SALGADO_SP","Ok"
"1051","GENERAL_SAMPAIO_CE","Ok"
"1052","GETULINA_SP","Ok"
"1053","GETULIO_VARGAS_RS","Ok"
"1054","GIRUA_RS","Ok"
"1055","GLICERIO_SP","Ok"
"1056","GLORIA_DE_DOURADOS_MS","Ok"
"1057","GLORINHA_RS","Ok"
"1058","GOIANA_PE","Ok"
"1059","GOIANESIA_GOIAS","Ok"
"1060","GOIANESIA_DO_PARA_PARA","Ok"
"1061","GOIANIA_GOIAS","Ok"
"1062","GOIATUBA_GOIAS","Ok"
"1063","GOIOERE_PARANA","Ok"
"1064","GONCALVES_MG","Ok"
"1065","GONCALVES_DIAS_MA","Ok"
"1066","GOVERNADOR_CELSO_RAMOS_SC","Ok"
"1067","GOVERNADOR_MANGABEIRA_BAHIA","Ok"
"1068","GOVERNADOR_VALADARES_MG","Ok"
"1069","GRAMADO_RS","Ok"
"1070","GRAMADO_XAVIER_RS","Ok"
"1071","GRANJA_CE","Ok"
"1072","GRAO_MOGOL_MG","Ok"
"1073","GRAO_PARA_SC","Ok"
"1074","GRAVATA_PE","Ok"
"1075","GRAVATAI_RS","Ok"
"1076","GRAVATAL_SC","Ok"
"1077","GRUPIARA_MG","Ok"
"1078","GUACUI_ES","Ok"
"1079","GUAIBA_RS","Ok"
"1080","GUABIRUBA_SC","Ok"
"1081","GUAICARA_SP","Ok"
"1082","GUAIMBE_SP","Ok"
"1083","GUAIRA_PR","Ok"
"1084","GUAIRA_SP","Ok"
"1085","GUAJARA-MIRIM_RO","Ok"
"1086","GUAJERU_BAHIA","Ok"
"1087","GUAMARE_RN","Ok"
"1088","GUANHAES_MG","Ok"
"1089","GUAPE_MG","Ok"
"1090","GUAPIACU_SP","Ok"
"1091","GUAPIARA_SP","Ok"
"1092","GUAPIMIRIM_RJ","Ok"
"1093","GUAPIRAMA_PARANA","Ok"
"1094","GUAPORE_RS","Ok"
"1095","GUARA_DISTRITO_FEDERAL","Ok"
"1096","GUARABIRA_PARAIBA","Ok"
"1097","GUARACAI_SP","Ok"
"1098","GUARACI_PR","Ok"
"1099","GUARACI_SP","Ok"
"1100","GUARACIABA_MG","Ok"
"1101","GUARACIABA_SC","Ok"
"1102","GUARACIABA_DO_NORTE_CE","Ok"
"1103","GUARAMIRIM_SC","Ok"
"1104","GUARANESIA_MG","Ok"
"1105","GUARANI_DAS_MISSOES_RS","Ok"
"1106","GUARANI_D'OESTE_SP","Ok"
"1107","GUARANTA_SP","Ok"
"1108","GUARANTA_DO_NORTE_MT","Ok"
"1109","GUARAPARI_ES","Ok"
"1110","GUARAPUAVA_PR","Ok"
"1111","GUARARAPES_SP","Ok"
"1112","GUARAREMA_SP","Ok"
"1113","GUARATINGUETA_SP","Ok"
"1114","GUARATUBA_PR","Ok"
"1115","GUAREI_SP","Ok"
"1116","GUARIBA_SP","Ok"
"1117","GUARIBAS_PIAUI","Ok"
"1118","GUARUJA_SC","Ok"
"1119","GUARUJA_SP","Ok"
"1120","GUARULHOS_SP","Ok"
"1121","GUATAMBU_SC","Ok"
"1122","GUATAPARA_SP","Ok"
"1123","GUIA_LOPES_DA_LAGUNA_MS","Ok"
"1124","GUIMARAES_MA","Ok"
"1125","GURINHEM_PARAIBA","Ok"
"1126","GURUPA_PARA","Ok"
"1127","GURUPI_TO","Ok"
"1128","GUZOLANDIA_SP","Ok"
"1129","HARMONIA_RS","Ok"
"1130","HERCULANDIA_SP","Ok"
"1131","HERVAL_RS","Ok"
"1132","HERVAL_D<U+0092>OESTE_SC","Ok"
"1133","HERVEIRAS_RS","Ok"
"1134","HIDROLINA_GOIAS","Ok"
"1135","HOLAMBRA_SP","Ok"
"1136","HORIZONTINA_RS","Ok"
"1137","HORTOLANDIA_SP","Ok"
"1138","HUGO_NAPOLEAO_PIAUI","Ok"
"1139","HULHA_NEGRA_RS","Ok"
"1140","HUMAITA_AMAZONAS","Ok"
"1141","HUMAITA_RS","Ok"
"1142","HUMBERTO_DE_CAMPOS_MA","Ok"
"1143","IACANGA_SP","Ok"
"1144","IACIARA_GOIAS","Ok"
"1145","IACRI_SP","Ok"
"1146","IARAS_SP","Ok"
"1147","IBAITI_PR","Ok"
"1148","IBAPORA_PR","Ok"
"1149","IBARAMA_RS","Ok"
"1150","IBATE_SP","Ok"
"1151","IBIACA_RS","Ok"
"1152","IBIAM_SC","Ok"
"1153","IBICARE_SC","Ok"
"1154","IBIRA_SP","Ok"
"1155","IBIRACU_ESPIRITO_SANTO","Ok"
"1156","IBIRAIARAS_RS","Ok"
"1157","IBIRAMA_SC","Ok"
"1158","IBIRAPUITA_RS","Ok"
"1159","IBIRAREMA_SP","Ok"
"1160","IBIRUBA_RS","Ok"
"1161","IBITINGA_SP","Ok"
"1162","IBIUNA_SP","Ok"
"1163","ICAPUI_CE","Ok"
"1164","ICARA_SC","Ok"
"1165","ICARAIMA_PR","Ok"
"1166","ICEM_SP","Ok"
"1167","ICO_CE","Ok"
"1168","ICONHA_ESPIRITO_SANTO","Ok"
"1169","IEPE_SP","Ok"
"1170","IGARACU_DO_TIETE_SP","Ok"
"1171","IGARACY_PARAIBA","Ok"
"1172","IGARAPAVA_SP","Ok"
"1173","IGARAPE-ACU_PARA","Ok"
"1174","IGARAPE-MIRI_PARA","Ok"
"1175","IGARATA_SP","Ok"
"1176","IGREJINHA_RS","Ok"
"1177","IGUABA_GRANDE_RJ","Ok"
"1178","IGUAPE_SP","Ok"
"1179","IGARASSU_PE","Ok"
"1180","IGUARACI_PE","Ok"
"1181","IGUATEMI_MS","Ok"
"1182","IGUATU_CE","Ok"
"1183","IGUATU_PR","Ok"
"1184","IJU<U+FFFD>_RS","Ok"
"1185","ILHABELA_SP","Ok"
"1186","ILHA_COMPRIDA_SP","Ok"
"1187","ILHA_SOLTEIRA_SP","Ok"
"1188","ILHEUS_BAHIA","Ok"
"1189","ILHOTA_SC","Ok"
"1190","ILICINEA_MG","Ok"
"1191","ILOPOLIS_RS","Ok"
"1192","IMARUI_SC","Ok"
"1193","IMBE_RS","Ok"
"1194","IMBITUBA_SC","Ok"
"1195","IMBUIA_SC","Ok"
"1196","IMIGRANTE_RS","Ok"
"1197","IMPERATRIZ_MA","Ok"
"1198","INACIOLANDIA_GOIAS","Ok"
"1199","INACIO_MARTINS_PR","Ok"
"1200","INAJA_PR","Ok"
"1201","INDEPENDENCIA_RS","Ok"
"1202","INDAIAL_SC","Ok"
"1203","INDAIATUBA_SP","Ok"
"1204","INDIANA_SP","Ok"
"1205","INDIAPORA_SP","Ok"
"1206","INDIARA_GOIAS","Ok"
"1207","INGA_PARAIBA","Ok"
"1208","INGAZEIRA_PE","Ok"
"1209","INHANGAPI_PARA","Ok"
"1210","INHUMA_PIAUI","Ok"
"1211","INOCENCIA_MS","Ok"
"1212","INUBIA_PAULISTA_SP","Ok"
"1213","IOMERE_SC","Ok"
"1214","IPAMERI_GOIAS","Ok"
"1215","IPATINGA_MG","Ok"
"1216","IPAUSSU_SP","Ok"
"1217","IPE_RS","Ok"
"1218","IPERO_SP","Ok"
"1219","IPEUNA_SP","Ok"
"1220","IPIGUA_SP","Ok"
"1221","IPIRA_SC","Ok"
"1222","IPIRANGA_DO_SUL_RS","Ok"
"1223","IPIXUNA_DO_PARA_PARA","Ok"
"1224","IPORA_DO_OESTE_SC","Ok"
"1225","IPORANGA_SP","Ok"
"1226","IPU_CE","Ok"
"1227","IPUA_SP","Ok"
"1228","IPUEIRA_RN","Ok"
"1229","IPUEIRAS_CE","Ok"
"1230","IPUMIRIM_SC","Ok"
"1231","IRACEMA_RORAIMA","Ok"
"1232","IRACEMAPOLIS_SP","Ok"
"1233","IRACEMINHA_SC","Ok"
"1234","IRAI_RS","Ok"
"1235","IRANI_SC","Ok"
"1236","IRAPUA_SP","Ok"
"1237","IRAPURU_SP","Ok"
"1238","IRATI_PR","Ok"
"1239","IRECE_BAHIA","Ok"
"1240","IRETAMA_PR","Ok"
"1241","IRINEOPOLIS_SC","Ok"
"1242","ITA_SC","Ok"
"1243","IRITUIA_PARA","Ok"
"1244","IRINEOPOLIS_SC","Ok"
"1245","ITA_SC","Ok"
"1246","ITAARA_RS","Ok"
"1247","ITABAIANA_PARAIBA","Ok"
"1248","ITABAIANA_SE","Ok"
"1249","ITABERA_SP","Ok"
"1250","ITABERABA_BAHIA","Ok"
"1251","ITABERAI_GOIAS","Ok"
"1252","ITABORAI_RJ","Ok"
"1253","ITABUNA_BAHIA","Ok"
"1254","ITACURUBI_RS","Ok"
"1255","ITAGUAI_RJ","Ok"
"1256","ITAI_SP","Ok"
"1257","ITAIOPOLIS_SC","Ok"
"1258","ITAIPE_MG","Ok"
"1259","ITAITUBA_PARA","Ok"
"1260","ITAJA_GOIAS","Ok"
"1261","ITAJAI_SC","Ok"
"1262","ITAJOBI_SP","Ok"
"1263","ITAJU_SP","Ok"
"1264","ITAJUBA_MG","Ok"
"1265","ITALVA_RJ","Ok"
"1266","ITAMARACA_PE","Ok"
"1267","ITAMARAJU_BAHIA","Ok"
"1268","ITAMARANDIBA_MG","Ok"
"1269","ITAMBARACA_PR","Ok"
"1270","ITAMONTE_MG","Ok"
"1271","ITANHAEM_SP","Ok"
"1272","ITAOCA_SP","Ok"
"1273","ITAOCARA_RJ","Ok"
"1274","ITAPAJE_CE","Ok"
"1275","ITAPECERICA_DA_SERRA_SP","Ok"
"1276","ITAPEJARA_D'OESTE_PR","Ok"
"1277","ITAPEMA_SC","Ok"
"1278","ITAPERUCU_PR","Ok"
"1279","ITAPERUNA_RJ","Ok"
"1280","ITAPETINGA_BAHIA","Ok"
"1281","ITAPETININGA_SP","Ok"
"1282","ITAPEVA_SP","Ok"
"1283","ITAPEVI_SP","Ok"
"1284","ITAPIOCA_CE","Ok"
"1285","ITAPIRA_SP","Ok"
"1286","ITAPIRANGA_SC","Ok"
"1287","ITAPIRAPUA_PAULISTA_SP","Ok"
"1288","ITAPOA_SC","Ok"
"1289","ITAPOLIS_SP","Ok"
"1290","ITAPORA_MS","Ok"
"1291","ITAPORANGA_SP","Ok"
"1292","ITAPUCA_RS","Ok"
"1293","ITAPUI_SP","Ok"
"1294","ITAPURA_SP","Ok"
"1295","ITAQUAQUECETUBA_SP","Ok"
"1296","ITAQUI_RS","Ok"
"1297","ITAQUIRAI_MS","Ok"
"1298","ITARARE_SP","Ok"
"1299","ITARIRI_SP","Ok"
"1300","ITATIAIA_RJ","Ok"
"1301","ITATIBA_SP","Ok"
"1302","ITATINGA_SP","Ok"
"1303","ITAU_RN","Ok"
"1304","ITAUBAL_AMAPA","Ok"
"1305","ITAUNA_MG","Ok"
"1306","ITAUNA_DO_SUL_PR","Ok"
"1307","ITIQUIRA_MT","Ok"
"1308","ITIRAPINA_SP","Ok"
"1309","ITIRAPUA_SP","Ok"
"1310","ITOBI_SP","Ok"
"1311","ITORORO_BAHIA","Ok"
"1312","ITU_SP","Ok"
"1313","ITUBERA_BAHIA","Ok"
"1314","ITUETA_MG","Ok"
"1315","ITUIUTABA_MG","Ok"
"1316","ITUMBIARA_GOIAS","Ok"
"1317","ITUPEVA_SAO_PAULO","Ok"
"1318","ITUPIRANGA_PARA","Ok"
"1319","ITUPORANGA_SC","Ok"
"1320","ITURAMA_MG","Ok"
"1321","ITUVERAVA_SAO_PAULO","Ok"
"1322","IUIU_BAHIA","Ok"
"1323","IVAIPORA_PR","Ok"
"1324","IVINHEMA_MS","Ok"
"1325","IVORA_RS","Ok"
"1326","IVOTI_RS","Ok"
"1327","JABOATAO_DOS_GUARARAPES_PE","Ok"
"1328","JABORA_SC","Ok"
"1329","JABORANDI_SAO_PAULO","Ok"
"1330","JABOTICABA_RS","Ok"
"1331","JABOTICABAL_SP","Ok"
"1332","JABOTICATUBAS_MG","Ok"
"1333","JACARAU_PB","Ok"
"1334","JACAREI_SP","Ok"
"1335","JACAREZINHO_PR","Ok"
"1336","JACI_SAO_PAULO","Ok"
"1337","JACIARA_MT","Ok"
"1338","JACINTO_MACHADO_SC","Ok"
"1339","JACOBINA_BAHIA","Ok"
"1340","JACUIZINHO_RS","Ok"
"1341","JACUNDA_PARA","Ok"
"1342","JACUPIRANGA_SP","Ok"
"1343","JAGUAPITA_PR","Ok"
"1344","JAGUAQUARA_BAHIA","Ok"
"1345","JAGUARAO_RS","Ok"
"1346","JAGUARE_ESPIRITO_SANTO","Ok"
"1347","JAGUARI_RS","Ok"
"1348","JAGUARIBE_CE","Ok"
"1349","JAGUARIPE_BAHIA","Ok"
"1350","JAGUARIUNA_SP","Ok"
"1351","JAGUARUNA_SC","Ok"
"1352","JAICOS_PIAUI","Ok"
"1353","JALES_SP","Ok"
"1354","JAMBEIRO_SP","Ok"
"1355","JANAUBA_MG","Ok"
"1356","JANDAIA_DO_SUL_PR","Ok"
"1357","JANDIRA_SP","Ok"
"1358","JANDUIS_RN","Ok"
"1359","JANIOPOLIS_PR","Ok"
"1360","JANUARIA_MG","Ok"
"1361","BOA_SAUDE_RN","Ok"
"1362","JANUARIO_CICCO_RN","Ok"
"1363","JAPARATUBA_SE","Ok"
"1364","JAPERI_RJ","Ok"
"1365","JAPI_RN","Ok"
"1366","JAPIRA_PR","Ok"
"1367","JAPORA_MS","Ok"
"1368","JAPURA_PR","Ok"
"1369","JAQUEIRA_PE","Ok"
"1370","JAQUIRANA_RS","Ok"
"1371","JARAGUA_DO_SUL_SC","Ok"
"1372","JARAGUARI_MS","Ok"
"1373","JARDIM_DE_PIRANHAS_RN","Ok"
"1374","JARDIM_DO_SERIDO_RN","Ok"
"1375","JARDINOPOLIS_SC","Ok"
"1376","JARDINOPOLIS_SP","Ok"
"1377","JARDIM_MS","Ok"
"1378","JARDIM_BOTANICO_DISTRITO_FEDERAL","Ok"
"1379","JARDIM_DE_ANGICOS_RN","Ok"
"1380","JARDIM_OLINDA_PR","Ok"
"1381","JARI_RS","Ok"
"1382","JARINU_SP","Ok"
"1383","JARU_RONDONIA","Ok"
"1384","JATAI_GOIAS","Ok"
"1385","JATAI_MS","Ok"
"1386","JATOBA_DO_PIAUI_PIAUI","Ok"
"1387","JAU_SP","Ok"
"1388","JAURU_MT","Ok"
"1389","JECEABA_MG","Ok"
"1390","JENIPAPO_DE_MINAS_MG","Ok"
"1391","JEQUIA_DA_PRAIA_AL","Ok"
"1392","JEQUIE_BAHIA","Ok"
"1393","JERICO_PB","Ok"
"1394",NA,"Ok"
"1395","JERONIMO_MONTEIRO_ESPIRITO_SANTO","Ok"
"1396","JESUPOLIS_GOIAS","Ok"
"1397","JI-PR_RO","Ok"
"1398","JOACABA_SC","Ok"
"1399","JOANOPOLIS_SAO_PAULO","Ok"
"1400","JOAO_ALFREDO_PE","Ok"
"1401","JOAO_CAMARA_RN","Ok"
"1402","JOAO_MONLEVADE_MG","Ok"
"1403","JOAO_NEIVA_ESPIRITO_SANTO","Ok"
"1404","JOAO_PESSOA_PB","Ok"
"1405",NA,"Ok"
"1406","JOAQUIM_FELICIO_MG","Ok"
"1407","JOIA_RS_","Ok"
"1408","JOINVILLE_SC","Ok"
"1409","JORDAO_ACRE","Ok"
"1410","JOSE_BOITEUX_SC","Ok"
"1411","JOSE_BONIFACIO_SP","Ok"
"1412","JOSE_DA_PENHA_RN","Ok"
"1413","JOSE_DE_FREITAS_PIAUI","Ok"
"1414","JUARA_MT","Ok"
"1415","JUAZEIRO_BAHIA","Ok"
"1416","JUAZEIRO_DO_NORTE_CE","Ok"
"1417","JUATUBA_MG","Ok"
"1418","JUCAS_CE","Ok"
"1419","JUINA_MT","Ok"
"1420","JUIZ_DE_FORA_MG","Ok"
"1421","JULIO_DE_CASTILHOS_RS","Ok"
"1422","JULIO_MESQUITA_SP","Ok"
"1423","JUMIRIM__SP","Ok"
"1424","JUNCO_DO_SERIDO_PARAIBA","Ok"
"1425","JUNDIAI_SP","Ok"
"1426","JUNDIAI_DO_SUL_PR","Ok"
"1427","JUNQUEIROPOLIS_SP","Ok"
"1428","JUPI_PE","Ok"
"1429","JUPIA_SC","Ok"
"1430","JUQUIA_SP","Ok"
"1431","JUQUITIBA_SP","Ok"
"1432","JURANDA_PR","Ok"
"1433","JUREMA_PE","Ok"
"1434","JURURUTU_RN","Ok"
"1435","JURUTI_PARA","Ok"
"1436","JUSSARA_GOIAS","Ok"
"1437","JUTI_MS","Ok"
"1438","JUVENILIA_MG","Ok"
"1439","LACERDOPOLIS_SC","Ok"
"1440","LADARIO_MS","Ok"
"1441","LAGAMAR_MG","Ok"
"1442","LAGARTO_SE","Ok"
"1443","LAGES_SC","Ok"
"1444","LAGOA_BONITA_DO_SUL_RS","Ok"
"1445","LAGOA_DA_CANOA_AL","Ok"
"1446","LAGOA_DA_PRATA_MG","Ok"
"1447","LAGOA_DE_DENTRO_PARAIBA","Ok"
"1448","LAGOA_DE_SAO_FRANCISCO_PIAUI","Ok"
"1449","LAGOA_DO_BARRO_DO_PIAUI_PIAUI","Ok"
"1450","LAGOA_DO_CARRO_PE","Ok"
"1451","LAGOA_DO_OURO_PE","Ok"
"1452","LAGOA_DOS_TRES_CANTOS_RS","Ok"
"1453","LAGOA_FORMOSA_MG","Ok"
"1454","LAGOA_GRANDE_PE","Ok"
"1455","LAGOA_NOVA_RN","Ok"
"1456","LAGOAO_RS","Ok"
"1457","LAGOA_REAL_BAHIA","Ok"
"1458","LAGOA_SALGADA_RN","Ok"
"1459","LAGOA_SANTA_GOIAS","Ok"
"1460","LAGOA_SANTA_MG","Ok"
"1461","LAGOA_SECA_PARAIBA","Ok"
"1462","LAGOA_VERMELHA_RS","Ok"
"1463","LAGOINHA_SP","Ok"
"1464","LAGUNA_SC","Ok"
"1465","LAGUNA_CARAPA_MS","Ok"
"1466","LAJEADO_RS","Ok"
"1467","LAJEADO__TO","Ok"
"1468","LAJEADO_DO_BUGRE_RS","Ok"
"1469","LAJEADO_GRANDE_SC","Ok"
"1470","LAJEDAO_BAHIA","Ok"
"1471","LAJEDO_PE","Ok"
"1472","LAJE_DO_MURIAE_RJ","Ok"
"1473","LAJES_PINTADA_RN","Ok"
"1474","LAJINHA_MG","Ok"
"1475","LAMBARI_MG","Ok"
"1476","LAPA_PR","Ok"
"1477","LARANJAL_DO_JARI_AP","Ok"
"1478","LARANJAL_PAULISTA_SP","Ok"
"1479","LARANJEIRAS_DO_SUL_PR","Ok"
"1480","LASTRO_PARAIBA","Ok"
"1481","LAURENTINO_SC","Ok"
"1482","LAURO_MULLER_SC","Ok"
"1483","LAVINIA_SP","Ok"
"1484","LAVRAS_MG","Ok"
"1485","LAVRAS_DA_MANGABEIRA_CE","Ok"
"1486","LAVRAS_DO_SUL_RS","Ok"
"1487","LAVRINHAS_SP","Ok"
"1488","LEBON_REGIS","Ok"
"1489","LEME_SP","Ok"
"1490","LENCOIS_PAULISTA_SP","Ok"
"1491","LEOBERTO_LEAL_SC","Ok"
"1492","LEOPOLDINA_MG","Ok"
"1493","LEOPOLDO_DE_BULHOES_GOIAS","Ok"
"1494","LIBERATO_SALZANO_RS","Ok"
"1495","LIMA_DUARTE_MG","Ok"
"1496","LIMEIRA_SP","Ok"
"1497","LIMOEIRO_PE","Ok"
"1498","LIMOEIRO_DO_AJURU_PARA","Ok"
"1499","LIMOEIRO_DO_NORTE_CE","Ok"
"1500","LINDOIA_SP","Ok"
"1501","LINDOIA_DO_SUL_SC","Ok"
"1502","LINDOLFO_COLLOR_RS","Ok"
"1503","LINHA_NOVA_RS","Ok"
"1504","LINHARES_ESPIRITO_SANTO","Ok"
"1505","LINS_SP","Ok"
"1506","LOANDA_PR","Ok"
"1507","LOBATO_PR","Ok"
"1508","LONDRINA_PR","Ok"
"1509","LONTRAS_SC","Ok"
"1510","LORENA_SP","Ok"
"1511","LOURDES_SP","Ok"
"1512","LOUVEIRA_SP","Ok"
"1513","LUCAS_DO_RIO_VERDE_MT","Ok"
"1514","LUCELIA_SP","Ok"
"1515","LUCENA_PARAIBA","Ok"
"1516",NA,"Ok"
"1517","LUCIARA_MT","Ok"
"1518","LUIS_EDUARDO_MAGALHAES_BAHIA","Ok"
"1519","LUIS_GOMES_RN","Ok"
"1520","LUIZ_ALVES_SC","Ok"
"1521","LUIZ_ANTONIO_SP","Ok"
"1522","LUIZIANA_PR","Ok"
"1523","LUIZIANIA_SP","Ok"
"1524","LUMINARIAS_MG","Ok"
"1525","LUPERCIO_SP","Ok"
"1526","LUTECIA_SP","Ok"
"1527","LUZ_MG","Ok"
"1528","LUZERNA_SC","Ok"
"1529","LUZIANIA_GOIAS","Ok"
"1530","LUZILANDIA_PIAUI","Ok"
"1531","LUZINOPOLIS_TO","Ok"
"1532","MACAE_RJ","Ok"
"1533","MACAIBA_RN","Ok"
"1534","MACAMBARA_RS","Ok"
"1535","MACAPA_AP","Ok"
"1536","MACAPARANA_PE","Ok"
"1537","MACARANI_BAHIA","Ok"
"1538","MACATUBA_SP","Ok"
"1539","MACAU_RN","Ok"
"1540","MACAUBAL_SP","Ok"
"1541","MACEDONIA_SP","Ok"
"1542","MACEIO_AL","Ok"
"1543","MACHADINHO_RS","Ok"
"1544","MACHADINHO_D'OESTE_RONDONIA","Ok"
"1545","MACIEIRA_SC","Ok"
"1546","MACUCO_RJ","Ok"
"1547","MAE_DO_RIO_PA","Ok"
"1548","MAFRA_SC","Ok"
"1549","MAGALHAES_BARATA_PA","Ok"
"1550","MAIRINQUE_SP","Ok"
"1551","MAGE_RJ","Ok"
"1552","MAGDA_SP","Ok"
"1553","MAIRIPORA_SP","Ok"
"1554","MAJOR_GERCINO_SC","Ok"
"1555","MAJOR_SALES_RN","Ok"
"1556","MAMANGUAPE_PARAIBA","Ok"
"1557","MAMBORE_PR","Ok"
"1558","MAMPITUBA_RS","Ok"
"1559","MANACAPURU_AMAZONAS","Ok"
"1560","MANARI_PE","Ok"
"1561","MANAUS_AMAZONAS","Ok"
"1562","MANCIO_LIMA_ACRE","Ok"
"1563","MANDAGUACU_PR","Ok"
"1564","MANDAGUARI_PR","Ok"
"1565","MANDURI_SP","Ok"
"1566","MANGARATIBA_RJ","Ok"
"1567","MANHUACU_MG","Ok"
"1568","MANHUMIRIM_MG","Ok"
"1569","MANOEL_URBANO_ACRE","Ok"
"1570","MANOEL_VIANA_RS","Ok"
"1571","MANTENA_MG","Ok"
"1572","MAQUINE_RS","Ok"
"1573","MARABA_PA","Ok"
"1574","MARABA_PAULISTA_SP","Ok"
"1575","MARACAI_SP","Ok"
"1576","MARACAJA_SC","Ok"
"1577","MARACAJU_MS","Ok"
"1578","MARACANA,_PA","Ok"
"1579","MARANGUAPE_CE","Ok"
"1580","MARAPANIM,_PA","Ok"
"1581","MARAPOAMA_SP","Ok"
"1582","MARATA_RS","Ok"
"1583","MARATAIZES_ESPIRITO_SANTO","Ok"
"1584","MARAU_RS","Ok"
"1585","MARAVILHA_AL","Ok"
"1586","MARAVILHA_SC","Ok"
"1587","MARCELANDIA_MT","Ok"
"1588","MARCELINO_VIEIRA_RN","Ok"
"1589","MARCOLANDIA_PIAUI","Ok"
"1590","MAR_DE_ESPANHA_MG","Ok"
"1591","MARECHAL_CANDIDO_RONDON_PR","Ok"
"1592","MARECHAL_THAUMATURGO_ACRE","Ok"
"1593","MAREMA","Ok"
"1594","MARIA_DE_FE_MG","Ok"
"1595","MARIALVA_PR","Ok"
"1596","MARIANA_MG","Ok"
"1597","MARIANA_PIMENTEL_RS","Ok"
"1598","MARIAPOLIS_SP","Ok"
"1599","MARICA_RJ","Ok"
"1600","MARILANDIA_ESPIRITO_SANTO","Ok"
"1601","MARILENA_PR","Ok"
"1602","MARILIA_SP","Ok"
"1603","MARINGA_PR","Ok"
"1604","MARINOPOLIS_SP","Ok"
"1605","MARIPA_PR","Ok"
"1606","MARITUBA_PA","Ok"
"1607","MARIZOPOLIS_PB","Ok"
"1608","MARMELEIRO_PR","Ok"
"1609","MARQUES_DE_SOUZA_RS","Ok"
"1610","MARQUINHO_PR","Ok"
"1611","MARTINHO_CAMPOS_MG","Ok"
"1612","MARTINOPOLIS_SP","Ok"
"1613","MASSAPE_DO_PIAUI_PIAUI","Ok"
"1614","MASSARANDUBA_SC","Ok"
"1615","MATA_RS","Ok"
"1616","MATA_GRANDE_AL","Ok"
"1617","MATAO_SP","Ok"
"1618","MATIAS_BARBOSA_MG","Ok"
"1619","MATINHOS_PR","Ok"
"1620","MATO_CASTELHANO_RS","Ok"
"1621","MT_PARAIBA","Ok"
"1622","MATO_LEITAO_RS","Ok"
"1623","MATO_QUEIMADO_RS","Ok"
"1624","MATOS_COSTA_SC","Ok"
"1625","MATO_VERDE_MG","Ok"
"1626","MATOZINHOS_MG","Ok"
"1627","MATUPA_MT","Ok"
"1628","MATUREIA_PARAIBA","Ok"
"1629","MAUA_SP","Ok"
"1630","MAUA_DA_SERRA_PR","Ok"
"1631","MAUES_AMAZONAS","Ok"
"1632","SILVES_AMAZONAS","Ok"
"1633","TEFE_AMAZONAS","Ok"
"1634","MAURILANDIA_DO_TOCANTINS_TOCANTINS","Ok"
"1635","MAURITI_CE","Ok"
"1636","MAXIMILIANO_DE_ALMEIDA_RIO_GRANDE_DO______SUL","Ok"
"1637","MAZAG<U+FFFD>O_AMAPA","Ok"
"1638","MEDIANEIRA_PR","Ok"
"1639","MEDICILANDIA_PA","Ok"
"1640","MELGACO_PA","Ok"
"1641","MELEIRO_SC","Ok"
"1642","MENDES_RJ","Ok"
"1643","MENDONCA_SP","Ok"
"1644","MERCES_MG","Ok"
"1645","MERIDIANO_SP","Ok"
"1646",NA,"Ok"
"1647","MESQUITA_MG","Ok"
"1648","MESQUITA_RJ","Ok"
"1649","MIGUEL_PEREIRA_RJ","Ok"
"1650","MILAGRES_CE","Ok"
"1651","MIMOSO_DO_SUL_ESPIRITO_SANTO","Ok"
"1652","MINAS_DO_LEAO_RS","Ok"
"1653","MINAS_NOVAS_MG","Ok"
"1654","MINDURI_MG","Ok"
"1655","MINEIROS_DO_TIETE_SP","Ok"
"1656","MIRACATU_SP","Ok"
"1657","MIRACEMA_RJ","Ok"
"1658",NA,"Ok"
"1659","MIRAGUAI_RS","Ok"
"1660","MIRANDA_MS","Ok"
"1661","MIRANDIBA_PE","Ok"
"1662","MIRANDOPOLIS__SP","Ok"
"1663","MIRANORTE_TOCANTINS","Ok"
"1664","MIRANTE_DO_PARANAPANEMA_SP","Ok"
"1665","MIRASSOL_SP","Ok"
"1666","MIRASSOL_D'OESTE_MT","Ok"
"1667","MIRIM_DOCE_SC","Ok"
"1668","MISSAL_PR","Ok"
"1669","MOCAJUBA_PA","Ok"
"1670","MOCOCA_SP","Ok"
"1671","MOGI_DAS_CRUZES_SP","Ok"
"1672","MOGI_GUACU_SP","Ok"
"1673","MOGI-MIRIM_SP","Ok"
"1674","MOJU_PA","Ok"
"1675","MOMBACA_CE","Ok"
"1676","MOMBUCA_SP","Ok"
"1677","MONCOES_SP","Ok"
"1678","MONDAI_SC","Ok"
"1679","MONGAGUA_SP","Ok"
"1680","MONSENHOR_HIPOLITO_PIAUI","Ok"
"1681","MONSENHOR_TABOSA_CE","Ok"
"1682","MONTADAS_PARAIBA","Ok"
"1683","MONTANHA_ESPIRITO_SANTO","Ok"
"1684","MONTAURI_RS","Ok"
"1685","MONTE_ALEGRE_MS","Ok"
"1686","MONTE_ALEGRE_PA","Ok"
"1687","MONTE_ALEGRE_RN","Ok"
"1688","MONTE_ALEGRE_DE_MINAS_MG","Ok"
"1689","MONTE_ALEGRE_DE_SERGIPE_SERGIPE","Ok"
"1690","MONTE_ALEGRE_DO_PIAUI_PIAUI","Ok"
"1691","MONTE_ALEGRE_DOS_CAMPOS_RS","Ok"
"1692","MONTE_ALEGRE_DO_SUL_SP","Ok"
"1693","MONTE_ALTO_SP","Ok"
"1694","MONTE_APRAZIVEL_SP","Ok"
"1695","MONTE_AZUL_MG","Ok"
"1696","MONTE_AZUL_PAULISTA_SP","Ok"
"1697","MONTE_BELO_MG","Ok"
"1698","MONTE_CARLO_SC","Ok"
"1699","MONTE_CASTELO_SC","Ok"
"1700","MONTE_DAS_GAMELEIRAS_RN","Ok"
"1701","MONTEIRO_PARAIBA","Ok"
"1702","MONTEIRO_LOBATO_SP","Ok"
"1703","MONTEIROPOLIS_AL","Ok"
"1704","MONTE_MOR_SP","Ok"
"1705","MONTE_NEGRO_RONDONIA","Ok"
"1706","MONTENEGRO_RS","Ok"
"1707","MONTES_CLAROS_MG","Ok"
"1708","MONTES_CLAROS_DE_GOIAS_GOIAS","Ok"
"1709","MONTE_SIAO_MG","Ok"
"1710","MORADA_NOVA_DE_MINAS_MG","Ok"
"1711","MORENO_PE","Ok"
"1712","MORMACO_RS","Ok"
"1713",NA,"Ok"
"1714","MORRINHOS_GOIAS","Ok"
"1715","MORRO_AGUDO_SP","Ok"
"1716","MORRO_DA_FUMACA_SC","Ok"
"1717","MORRO_GRANDE_SC","Ok"
"1718","MORRO_REDONDO_RS","Ok"
"1719","MORRO_REUTER_RS","Ok"
"1720","MORUNGABA_SP","Ok"
"1721","MOSSORO_RN","Ok"
"1722","MOSTARDAS_RS","Ok"
"1723","MOTUCA_SP","Ok"
"1724","MUANA_PA","Ok"
"1725","MUCAJAI_RORAIMA","Ok"
"1726","MUCUM_RS","Ok"
"1727","MUITOS_CAPOES_RS","Ok"
"1728","MULITERNO_RS","Ok"
"1729","MUNDO_NOVO_MS","Ok"
"1730","MURIAE_MG_","Ok"
"1731","MURITIBA_BAHIA","Ok"
"1732","MURUTINGA_DO_SUL_SP","Ok"
"1733","MUZAMBINHO_MG_","Ok"
"1734","NANTES_SP","Ok"
"1735","NAO-ME-TOQUE_RS","Ok"
"1736","NARANDIBA_SP","Ok"
"1737","_____NATAL_RN","Ok"
"1738","NATIVIDADE_RJ","Ok"
"1739","NATIVIDADE_TOCANTINS","Ok"
"1740","NATIVIDADE_DA_SERRA_SP","Ok"
"1741","NAVEGANTES_SC","Ok"
"1742","NAVIRAI_MS","Ok"
"1743","NAZARE_PAULISTA_SP","Ok"
"1744","NEVES_PAULISTA_SP","Ok"
"1745","NHANDEARA_SP","Ok"
"1746","NICOLAU_VERGUEIRO_RS","Ok"
"1747","NILOPOLIS_RJ","Ok"
"1748","NIOAQUE_MS","Ok"
"1749",NA,"Ok"
"1750","NISIA_FLORESTA_RN","Ok"
"1751","NITEROI_RJ","Ok"
"1752","NOBRES_MT","Ok"
"1753","NONOAI_RS","Ok"
"1754","NORDESTINA_BAHIA","Ok"
"1755","NORMANDIA_RORAIMA","Ok"
"1756","NORTELANDIA_MT","Ok"
"1757","NOSSA_SENHORA_DA_GLORIA_SERGIPE","Ok"
"1758","NOSSA_SENHORA_DO_LIVRAMENTO_MT","Ok"
"1759","NOSSA_SENHORA_DO_SOCORRO_SERGIPE","Ok"
"1760",NA,"Ok"
"1761","NOVA_ALVORADA_DO_SUL_MS","Ok"
"1762","NOVA_ANDRADINA_MS","Ok"
"1763","NOVA_ARACA_RS","Ok"
"1764","NOVA_AURORA_PR","Ok"
"1765","NOVA_BANDEIRANTES_MT","Ok"
"1766","NOVA_BASSANO_RS","Ok"
"1767","NOVA_BOA_VISTA_RS","Ok"
"1768","NOVA_BRESCIA_RS","Ok"
"1769","NOVA_CAMPINA_SP","Ok"
"1770","NOVA_CANAA_DO_NORTE_MT","Ok"
"1771","NOVA_CANAA_PAULISTA_SP","Ok"
"1772","NOVA_CANDELARIA_RS","Ok"
"1773","NOVA_CASTILHO_SP","Ok"
"1774","NOVA_CRUZ_RN","Ok"
"1775","NOVA_ERA_MG_","Ok"
"1776","NOVA_ERECHIM_SC","Ok"
"1777","_____NOVA_ESPERANCA_PR","Ok"
"1778","NOVA_ESPERANCA_DO_PIRIA_PA","Ok"
"1779","NOVA_EUROPA_SP","Ok"
"1780","NOVA_FLORESTA_PARAIBA","Ok"
"1781","NOVA_FRIBURGO_RJ","Ok"
"1782","NOVA_GRANADA_SP","Ok"
"1783","NOVA_GUATAPORANGA_SP","Ok"
"1784","NOVA_HARTZ_RS","Ok"
"1785","NOVA_IGUACU_RJ","Ok"
"1786","NOVA_INDEPENDENCIA_SP","Ok"
"1787","NOVA_IPIXUNA_PA","Ok"
"1788",NA,"Ok"
"1789","NOVA_ITABERABA_SC","Ok"
"1790","NOVA_ITACOLOMI_PR","Ok"
"1791","NOVA_LARANJEIRAS_PR","Ok"
"1792","NOVA_LIMA_MG","Ok"
"1793","NOVA_LONDRINA_PR","Ok"
"1794","NOVA_LUZITANIA_SP","Ok"
"1795","NOVA_MAMORE_RONDONIA","Ok"
"1796","NOVA_MARILANDIA_MT","Ok"
"1797","NOVA_MONTE_VERDE_MT","Ok"
"1798","NOVA_MUTUM_MT","Ok"
"1799","NOVA_ODESSA_SP","Ok"
"1800","NOVA_OLIMPIA_MT","Ok"
"1801","NOVA_OLIMPIA_PR","Ok"
"1802","NOVA_PADUA_RS","Ok"
"1803","NOVA_PALMA_RS","Ok"
"1804","NOVA_PETROPOLIS_RS","Ok"
"1805","NOVA_PRATA_RS","Ok"
"1806","NOVA_ROMA_DO_SUL_RS","Ok"
"1807","NOVA_ROSALANDIA_TOCANTINS","Ok"
"1808","NOVA_RUSSAS_CE","Ok"
"1809","NOVA_SANTA_BARBARA_PR","Ok"
"1810","NOVA_SANTA_RITA_RS","Ok"
"1811","NOVA_SANTA_ROSA_PR","Ok"
"1812","NOVA_SERRANA_MG","Ok"
"1813","NOVA_SOURE_BAHIA","Ok"
"1814","NOVA_TEBAS_PR","Ok"
"1815","NOVA_TIMBOTEUA_PA","Ok"
"1816","NOVA_TRENTO_SC","Ok"
"1817","NOVA_UBIRATA_MT","Ok"
"1818","NOVA_UNIAO_MG","Ok"
"1819","NOVA_UNIAO_RONDONIA","Ok"
"1820","NOVA_VENECIA_ESPIRITO_SANTO","Ok"
"1821","NOVA_VENEZA_SC","Ok"
"1822","NOVA_XAVANTINA_MATO_GROSO","Ok"
"1823","NOVO_ALEGRE_TOCANTINS","Ok"
"1824","NOVO_CABRAIS_RS","Ok"
"1825","NOVO_GAMA_GOIAS","Ok"
"1826","NOVO_HAMBURGO_RS","Ok"
"1827","NOVO_HORIZONTE_SC","Ok"
"1828","NOVO_HORIZONTE_SP","Ok"
"1829","NOVO_HORIZONTE_DO_NORTE_MT","Ok"
"1830","NOVO_HORIZONTE_DO_SUL_MT_DO______SUL","Ok"
"1831","NOVO_MACHADO_RS","Ok"
"1832","NOVO_MUNDO_MT","Ok"
"1833","NOVO_PLANALTO_GOIAS","Ok"
"1834","NOVO_PROGRESSO_PA","Ok"
"1835","NOVO_REPARTIMENTO_PA","Ok"
"1836","NOVO_PROGRESSO_PA","Ok"
"1837","NOVO_REPARTIMENTO_PA","Ok"
"1838","NOVO_TIRADENTES_RS","Ok"
"1839","NUCLEO_BANDEIRANTE_DF","Ok"
"1840","NUPORANGA_SP","Ok"
"1841","OBIDOS_PARA","Ok"
"1842","OCAUCU_SP","Ok"
"1843","OEIRAS_PIAUI","Ok"
"1844","OEIRAS_DO_PARA_PARA","Ok"
"1845","OIAPOQUE_AMAP<U+FFFD>","Ok"
"1846","OLEO_SP","Ok"
"1847","OLHO_D'AGUA_PARAIBA","Ok"
"1848","OLHO_D'AGUA_DAS_FLORES_AL","Ok"
"1849","OLHO_D'AGUA_DO_BORGES_RN","Ok"
"1850","OLIMPIA_SP","Ok"
"1851","OLINDA_PE","Ok"
"1852","OLIVEIRA_MG","Ok"
"1853","ONDA_VERDE_SP","Ok"
"1854",NA,"Ok"
"1855","ORIXIMINA_PARA","Ok"
"1856","ORIZONA_GOIAS","Ok"
"1857","ORLANDIA_SP","Ok"
"1858","ORLEANS_SC","Ok"
"1859","OROBO_PE","Ok"
"1860","OSASCO_SP","Ok"
"1861","OSCAR_BRESSANE_SP","Ok"
"1862","OSORIO_RS","Ok"
"1863","OSVALDO_CRUZ_SP","Ok"
"1864","OTACILIO_COSTA_SC","Ok"
"1865","OUREM_PARA","Ok"
"1866","OURILANDIA_DO_NORTE_PARA","Ok"
"1867","OURINHOS_SP","Ok"
"1868","OURO_SC","Ok"
"1869","OURO_BRANCO_AL","Ok"
"1870","OURO_BRANCO_MG","Ok"
"1871","OURO_BRANCO_RN","Ok"
"1872","OUROESTE_SP","Ok"
"1873","OURO_FINO_MG","Ok"
"1874","OURO_PRETO_MG","Ok"
"1875","OURO_VERDE_SC","Ok"
"1876","OURO_VERDE_SP","Ok"
"1877","OURO_VERDE_DE_GOIAS_GOIAS","Ok"
"1878","PACAJA_PARA","Ok"
"1879","PACUJA_CE","Ok"
"1880","PACARAIMA_RORAIMA","Ok"
"1881","PAIAL_SC","Ok"
"1882","PAICANDU_PR","Ok"
"1883","PAIM_FILHO_RS","Ok"
"1884","PAINEL_SC","Ok"
"1885","PAINS_MG","Ok"
"1886","PALESTINA_DO_PARA_PARA","Ok"
"1887","PALHOCA_SC","Ok"
"1888","PALMARES_PE","Ok"
"1889","PALMARES_DO_SUL_RS","Ok"
"1890","PALMAS_PR","Ok"
"1891","PALMAS_TO","Ok"
"1892","PALMA_SOLA_SC","Ok"
"1893","PALMEIRA_PR","Ok"
"1894","PALMEIRA_SC","Ok"
"1895","PALMEIRA_DAS_MISSOES_RS","Ok"
"1896","PALMEIRA_DOS_INDIOS_AL","Ok"
"1897","PALMEIRAIS_PIAUI","Ok"
"1898","PALMEIRINA_PE","Ok"
"1899","PALMITAL_PR","Ok"
"1900","PALMITAL_SP","Ok"
"1901","PALMITINHO_RS","Ok"
"1902","PALMITOS_SC","Ok"
"1903","PALOTINA_PR","Ok"
"1904","PANAMBI_RS","Ok"
"1905","PANCAS_ES","Ok"
"1906","PANELAS_PE","Ok"
"1907","PANTANO_GRANDE_RS","Ok"
"1908","PAO_DE_ACUCAR_AL","Ok"
"1909","PAPAGAIOS_MG","Ok"
"1910","PAPANDUVA_SC","Ok"
"1911","PARA_DE_MINAS_MG","Ok"
"1912","PARACAMBI_RJ","Ok"
"1913","PARACATU_MG","Ok"
"1914","PARACURU_CE","Ok"
"1915","PARAGOMINAS_PARA","Ok"
"1916","PARAGUACU_MG","Ok"
"1917","PARAGUACU_PAULISTA_SP","Ok"
"1918","PARAI_RS","Ok"
"1919","PARAIBA_DO_SUL_RJ","Ok"
"1920","PARAIBUNA_SP","Ok"
"1921","PARAISO_SC","Ok"
"1922","PARAISO_DO_SUL_RS","Ok"
"1923","PARAISO_DO_TO_TO","Ok"
"1924","PARAISOPOLIS_MG","Ok"
"1925","PARANACITY_PR","Ok"
"1926","PARANAGUA_PR","Ok"
"1927","PARANAIBA_MS","Ok"
"1928","PARANAIGUARA_GOIAS","Ok"
"1929","PARANAITA_MT","Ok"
"1930","PARANAPUA_SP","Ok"
"1931","PARANATINGA_MT","Ok"
"1932","PARANAVAI_PR","Ok"
"1933","PARANHOS_MS","Ok"
"1934","PARAOPEBA_MG","Ok"
"1935","PARAPUA_SP","Ok"
"1936","PARATI_RJ","Ok"
"1937","PARAUAPEBAS_PARA","Ok"
"1938","PARDINHO_SP","Ok"
"1939","PARECI_NOVO_RS","Ok"
"1940","PARINTINS_AMAZONAS","Ok"
"1941","PARIQUERA-ACU_SP","Ok"
"1942","PARNAIBA_PIAUI","Ok"
"1943","PAROBE_RS","Ok"
"1944","PASSA_QUATRO_MG","Ok"
"1945","PASSA_SETE_RS","Ok"
"1946","PASSIRA_PE","Ok"
"1947","PASSO_DE_SOBRADO_RS","Ok"
"1948","PASSO_DE_TORRES_SC","Ok"
"1949","PASSO_FUNDO_RS","Ok"
"1950","PASSOS_MG","Ok"
"1951","PASSOS_MAIA_SC","Ok"
"1952","PATO_BRANCO_PR","Ok"
"1953","PATOS_PB","Ok"
"1954","PATOS_DE_MINAS_MG","Ok"
"1955","PATROCINIO_DO_MURIAE_MG","Ok"
"1956","PATROCINIO_PAULISTA_SP","Ok"
"1957","PATU_RN","Ok"
"1958","PATY_DO_ALFERES_RJ","Ok"
"1959","PAU_D'ARCO_PARA","Ok"
"1960","PAU_D'ARCO_TO","Ok"
"1961","PAU_DOS_FERROS_RN","Ok"
"1962",NA,"Ok"
"1963","PAULINEA_SP","Ok"
"1964","PAULISTA_PB","Ok"
"1965","PAULISTA_PE","Ok"
"1966","PAULO_AFONSO_BAHIA","Ok"
"1967","PAULO_BENTO_RS","Ok"
"1968",NA,"Ok"
"1969","PAULO_RAMOS_MA","Ok"
"1970","PAVERAMA_RS","Ok"
"1971","PEDERNEIRAS_SP","Ok"
"1972","PEDRA_PE","Ok"
"1973","PEDRA_BONITA_MG","Ok"
"1974","PEDRA_BRANCA_DO_AMAPARI_AMAPA","Ok"
"1975","PEDRA_LAVRADA_PB","Ok"
"1976","PEDRALVA_MG","Ok"
"1977","PEDRA_PRETA_MT","Ok"
"1978","PEDRAS_ALTAS_RS","Ok"
"1979","PEDRAS_DE_FOGO_PB","Ok"
"1980","PEDRAS_GRANDES_SC","Ok"
"1981","PEDREGULHO_SP","Ok"
"1982","PEDRINHAS_SE","Ok"
"1983","PEDRO_DE_TOLEDO_SP","Ok"
"1984","PEDRO_GOMES_MS","Ok"
"1985","PEDRO_LEOPOLDO_MG","Ok"
"1986","PEIXE_TO","Ok"
"1987","PEIXE-BOI_PARA","Ok"
"1988","PEJUCARA_RS","Ok"
"1989","PELOTAS_RS","Ok"
"1990","PENAPOLIS_SP","Ok"
"1991","PENDENCIAS_RN","Ok"
"1992","PENEDO_AL","Ok"
"1993","PENHA_SC","Ok"
"1994","PENTECOSTE_CE","Ok"
"1995","PEQUERI_MG","Ok"
"1996","PERDIZES_MG","Ok"
"1997","PEREIRAS_SP","Ok"
"1998","PEREIRO_CE","Ok"
"1999","PERIQUITO_MG","Ok"
"2000","PERITIBA_SC","Ok"
"2001","PEROLA_D'OESTE_PR","Ok"
"2002","PEROLANDIA_GOIAS","Ok"
"2003","ESTANCIA_BALNEARIA_DE_PERUIBE_SP","Ok"
"2004","PERUIBE_SP","Ok"
"2005",NA,"Ok"
"2006","PETROLANDIA_PE","Ok"
"2007","PETROLANDIA_SC","Ok"
"2008","PETROLINA_PE","Ok"
"2009","PETROPOLIS_RJ","Ok"
"2010","PIANCO_PB","Ok"
"2011","PICADA_CAFE_RS","Ok"
"2012","PICARRA_PARA","Ok"
"2013","PICOS_PIAUI","Ok"
"2014","PICUI_PB","Ok"
"2015","PIEDADE_SP","Ok"
"2016",NA,"Ok"
"2017","PIEN_PR","Ok"
"2018","PILAO_ARCADO_BAHIA","Ok"
"2019","PILAR_PB","Ok"
"2020","PILAR_DO_SUL_SP","Ok"
"2021","PILOES_PB","Ok"
"2022","PILOES_RN","Ok"
"2023","PIMENTA_BUENO_RONDONIA","Ok"
"2024","PINDAMONHANGABA_SP","Ok"
"2025","PINDORAMA_SP","Ok"
"2026","PINDORAMA_DO_TO_TO","Ok"
"2027","PINHAIS_PR","Ok"
"2028","PINHALAO_PR","Ok"
"2029","PINHAL_RS","Ok"
"2030","PINHAL_DA_SERRA_RS","Ok"
"2031","PINHAL_DE_SAO_BENTO_PR","Ok"
"2032","PINHAL_GRANDE_RS","Ok"
"2033","PINHALZINHO_SC","Ok"
"2034","PINHALZINHO_SP","Ok"
"2035","PINHAO_PR","Ok"
"2036","PINHEIRAL_RJ","Ok"
"2037","PINHEIRINHO_DO_VALE_RS","Ok"
"2038","PINHEIRO_MACHADO_RS","Ok"
"2039","PINHEIRO_PRETO_SC","Ok"
"2040","PINTADAS_BAHIA","Ok"
"2041","PINTO_BANDEIRA_RS","Ok"
"2042","PIO_IX_PIAUI","Ok"
"2043","PIQUEROBI_SP","Ok"
"2044","PIQUETE_SP","Ok"
"2045","PIRACAIA_SP","Ok"
"2046","PIRACICABA_SP","Ok"
"2047","PIRACURUCA_PIAUI","Ok"
"2048","PIRAI_RJ","Ok"
"2049","PIRAI_DO_SUL_PR","Ok"
"2050","PIRAJU_SP","Ok"
"2051","PIRAJUI_SP","Ok"
"2052","PIRANGI_SP","Ok"
"2053","PIRANGUINHO_MG","Ok"
"2054","PIRAPETINGA_MG","Ok"
"2055","PIRAPO_RS","Ok"
"2056","PIRAPORA_DO_BOM_JESUS_SP","Ok"
"2057","PIRAPOZINHO_SP","Ok"
"2058","PIRAQUARA_PR","Ok"
"2059","PIRASSUNUNGA_SP","Ok"
"2060","PIRATINI_RS","Ok"
"2061","PIRATUBA_SC","Ok"
"2062","PIRENOPOLIS_GOIAS","Ok"
"2063","PIRIPIRI_PIAUI","Ok"
"2064","PITANGA_PR","Ok"
"2065","PITANGUEIRAS_PR","Ok"
"2066","PITANGUI_MG","Ok"
"2067","PITIMBU_PB","Ok"
"2068","PLACAS_PARA","Ok"
"2069","PLACIDO_DO_CASTRO_ACRE","Ok"
"2070","PLANALTINA_GOIAS","Ok"
"2071","PLANALTINA_DO_PR_PR","Ok"
"2072","PLANALTINO_BAHIA","Ok"
"2073","PLANALTO_PR","Ok"
"2074","PLANALTO_RS","Ok"
"2075","PLANALTO_ALEGRE_SC","Ok"
"2076","POA_SP","Ok"
"2077","POCAO_PE","Ok"
"2078","POCINHOS_PB","Ok"
"2079","POCO_DAS_ANTAS_RS","Ok"
"2080","POCO_FUNDO_MG","Ok"
"2081","POCOS_DE_CALDAS_MG","Ok"
"2082","POJUCA_BAHIA","Ok"
"2083","POMBAL_PB","Ok"
"2084","POMERODE_SC","Ok"
"2085","POMPEU_MG","Ok"
"2086","PONTA_DE_PEDRAS_PARA","Ok"
"2087","PONTA_GROSSA_PR","Ok"
"2088","PONTA_PORA_MS","Ok"
"2089","PONTAL_DO_ARAGUAIA_MT","Ok"
"2090","PONTAL_DO_PR_PR","Ok"
"2091","PONTE_ALTA_SC","Ok"
"2092","PONTE_ALTA_DO_NORTE_SC","Ok"
"2093","PONTE_NOVA_MG","Ok"
"2094","PONTE_PRETA_RS_","Ok"
"2095","PONTE_SERRADA_SC","Ok"
"2096","PONTO_BELO_ES","Ok"
"2097","POPULINA_SP","Ok"
"2098","PORANGABA_SP","Ok"
"2099","PORCIUNCULA_RJ","Ok"
"2100","PORECATU_PR","Ok"
"2101","PORTAO_RS_","Ok"
"2102","PORTEL_PARA","Ok"
"2103","PORTO_ACRE_ACRE","Ok"
"2104","PORTO_ALEGRE_RS","Ok"
"2105","PORTO_BARREIRO_PR","Ok"
"2106","PORTO_BELO_SC","Ok"
"2107","PORTO_CALVO_AL","Ok"
"2108","PORTO_DA_FOLHA_SE","Ok"
"2109","PORTO_DE_MOZ_PARA","Ok"
"2110","PORTO_DO_MANGUE_RN","Ok"
"2111","PORTO_ESTRELA_MT","Ok"
"2112","PORTO_FELIZ_SP","Ok"
"2113","PORTO_GRANDE_AMAPA","Ok"
"2114","PORTO_LUCENA_RS","Ok"
"2115",NA,"Ok"
"2116","PORTO_MURTINHO_MS","Ok"
"2117","PORTO_NACIONAL_TO","Ok"
"2118","PORTO_REAL_RJ","Ok"
"2119","PORTO_REAL_DO_COLEGIO_AL","Ok"
"2120","PORTO_RICO_PR","Ok"
"2121","PORTO_RICO_DO_MA_MA","Ok"
"2122","PORTO_UNIAO_SC","Ok"
"2123","PORTO_VELHO_RONDONIA","Ok"
"2124","PORTO_VERA_CRUZ_RS","Ok"
"2125","PORTO_WALTER_ACRE","Ok"
"2126","PORTO_XAVIER_RS","Ok"
"2127","POTIM_SP","Ok"
"2128","POUSO_ALEGRE_MG","Ok"
"2129","POUSO_NOVO_RS","Ok"
"2130","POUSO_REDONDO_SC","Ok"
"2131","POXOREU_MT","Ok"
"2132","PRACUUBA_AMAPA","Ok"
"2133","PRADO_BAHIA","Ok"
"2134","PRAIA_GRANDE_SP","Ok"
"2135","PRAIA_GRANDE_SC","Ok"
"2136","PRAINHA_PARA","Ok"
"2137","PRATA_MG","Ok"
"2138","PRATANIA_SP","Ok"
"2139","PRESIDENTE_BERNARDES_SP","Ok"
"2140","PRESIDENTE_CASTELLO_BRANCO_SC","Ok"
"2141","PRESIDENTE_EPITACIO_SP","Ok"
"2142","PRESIDENTE_KENNEDY_ES","Ok"
"2143","PRESIDENTE_LUCENA_RS","Ok"
"2144","PRESIDENTE_NEREU_SC","Ok"
"2145","PRESIDENTE_OLEGARIO_MG","Ok"
"2146","PRESIDENTE_PRUDENTE_SP","Ok"
"2147","PRIMAVERA_PARA","Ok"
"2148","PRIMAVERA_DO_LESTE_MT","Ok"
"2149","PRINCESA_SC","Ok"
"2150","PRINCESA_ISABEL_PB","Ok"
"2151","PROMISSAO_SP","Ok"
"2152","PROPRIA_SE","Ok"
"2153","PROTASIO_ALVES_RS","Ok"
"2154","PRUDENTOPOLIS_PR","Ok"
"2155","PUTINGA_RS","Ok"
"2156","QUADRA_SP","Ok"
"2157","QUARAI_RS","Ok"
"2158","QUATA_SP","Ok"
"2159","QUATIS_RJ","Ok"
"2160","QUATIPURU_PARA","Ok"
"2161","QUATRO_IRMAOS_RS","Ok"
"2162","QUATRO_PONTES_PR","Ok"
"2163","QUEBRANGULO_AL","Ok"
"2164","QUEDAS_DO_IGUACU_PR","Ok"
"2165","QUEIMADOS_RJ","Ok"
"2166","QUELUZ_SP","Ok"
"2167","QUERENCIA_MT","Ok"
"2168","QUERENCIA_DO_NORTE_PR","Ok"
"2169","QUEVEDOS_RS","Ok"
"2170","QUILOMBO_SC","Ok"
"2171","QUINZE_DE_NOVEMBRO_RS","Ok"
"2172","QUIRINOPOLIS_GOIAS","Ok"
"2173","QUISSAMA_RJ","Ok"
"2174","QUIXABA_PB","Ok"
"2175","QUIXABA_PE","Ok"
"2176","QUIXABEIRA_BAHIA","Ok"
"2177","QUIXADA_CE","Ok"
"2178","QUIXERAMOBIM_CE","Ok"
"2179","RAFAEL_FERNANDES_RN","Ok"
"2180","RAFAEL_GODEIRO_RN","Ok"
"2181","RAFARD_SP","Ok"
"2182","RANCHARIA_SP","Ok"
"2183","RANCHO_ALEGRE_PR","Ok"
"2184","RANCHO_QUEIMADO_SC","Ok"
"2185","RAPOSOS_MG","Ok"
"2186","REALEZA_PR","Ok"
"2187","RECIFE_PE","Ok"
"2188","RECREIO_MG","Ok"
"2189","REDENCAO_PARA","Ok"
"2190","REDENCAO_DA_SERRA_SP","Ok"
"2191","REDENTORA_RS","Ok"
"2192","REGENTE_FEIJO_SP","Ok"
"2193","REGISTRO_SP","Ok"
"2194","RELVADO_RS","Ok"
"2195","REMIGIO_PB","Ok"
"2196","RERIUTABA_CE","Ok"
"2197","RESERVA_PR","Ok"
"2198","RESERVA_DO_CABACAL_MT","Ok"
"2199","RESPLENDOR_MG","Ok"
"2200","RESSAQUINHA_MG","Ok"
"2201","RESTINGA_SECA_RS","Ok"
"2202","RIACHAO_DAS_NEVES_BAHIA","Ok"
"2203","RIACHO_FUNDO_DISTRITO_FEDERAL","Ok"
"2204","RIBAS_DO_RIO_PARDO_MS","Ok"
"2205","RIO_BRILHANTE_MS","Ok"
"2206","RIBEIRAO_BONITO_SP","Ok"
"2207","RIBEIRAO_CASCALHEIRA_MT","Ok"
"2208","RIBEIRAO_CLARO_PR","Ok"
"2209","RIBEIRAO_CORRENTE_SP","Ok"
"2210","RIBEIRAO_DAS_NEVES_MG","Ok"
"2211","RIBEIRAO_DO_PINHAL_PR","Ok"
"2212","RIBEIRAO_DOS_INDIOS_SP","Ok"
"2213","RIBEIRAO_GRANDE_SP","Ok"
"2214","RIBEIRAO_PIRES_SP","Ok"
"2215","RIBEIRAO_PRETO_SP","Ok"
"2216","RIFAINA_SP","Ok"
"2217","RINOPOLIS_SP","Ok"
"2218","RIO_BANANAL_ES","Ok"
"2219","RIO_BONITO_RJ","Ok"
"2220","RIO_BRANCO_ACRE","Ok"
"2221","RIO_BRANCO_MT","Ok"
"2222","RIO_BRANCO_DO_SUL_PR","Ok"
"2223","RIBAS_DO_RIO_PARDO_MS","Ok"
"2224","RIO_BRILHANTE_MS","Ok"
"2225","RIO_CLARO_RJ","Ok"
"2226","RIO_CLARO_SP","Ok"
"2227","RIO_CRESPO_RONDONIA","Ok"
"2228","RIO_DAS_ANTAS_SC","Ok"
"2229","RIO_DAS_FLORES_RJ","Ok"
"2230","RIO_DAS_OSTRAS_RJ","Ok"
"2231","RIO_DAS_PEDRAS_SP","Ok"
"2232","RIO_DE_JANEIRO_RJ","Ok"
"2233","RESENDE_RJ","Ok"
"2234","RIO_DO_CAMPO_SC","Ok"
"2235","RIO_DO_OESTE_SC","Ok"
"2236","RIO_DO_PRADO_MG","Ok"
"2237","RIO_DOS_CEDROS_SC","Ok"
"2238","RIO_DOS_INDIOS_RS","Ok"
"2239","RIO_DO_SUL_SC","Ok"
"2240","RIO_ESPERA_MG","Ok"
"2241","RIO_FORTUNA_SC","Ok"
"2242","RIO_GRANDE_RS","Ok"
"2243","RIO_GRANDE_DA_SERRA_SP","Ok"
"2244","RIO_MARIA_PARA","Ok"
"2245","RIO_NEGRINHO_SC","Ok"
"2246","RIO_NEGRO_MS","Ok"
"2247","RIO_NOVO_MG","Ok"
"2248","RIO_NOVO_DO_SUL_ES","Ok"
"2249","RIO_PARANAIBA_MG","Ok"
"2250","RIO_PARDO_RS","Ok"
"2251","RIO_PIRACICABA_MG","Ok"
"2252","RIO_POMBA_MG","Ok"
"2253","RIO_PRETO_MG","Ok"
"2254","RIO_RUFINO_SC","Ok"
"2255","RIO_TINTO_PB","Ok"
"2256","RIO_VERDE_GOIAS","Ok"
"2257","RIO_VERDE_DE_MT_MS","Ok"
"2258","RIO_VERMELHO_MG","Ok"
"2259","RIOZINHO_RS","Ok"
"2260","RIQUEZA_SC","Ok"
"2261","RIVERSUL_SP","Ok"
"2262","ROCA_SALES_RS","Ok"
"2263","ROCHEDO_MS","Ok"
"2264","ROCHEDO_DE_MINAS_MG","Ok"
"2265","RODEIO_SC","Ok"
"2266","RODEIO_BONITO_RS","Ok"
"2267","RODELAS_BAHIA","Ok"
"2268","RODRIGUES_ALVES_ACRE","Ok"
"2269","ROLADOR_RS","Ok"
"2270","ROLANDIA_PR","Ok"
"2271","ROLANTE_RS","Ok"
"2272","ROLIM_DE_MOURA_RONDONIA","Ok"
"2273","ROMELANDIA_SC","Ok"
"2274","RONDA_ALTA_RS","Ok"
"2275","RONDON_PARA","Ok"
"2276","RONDON_PR","Ok"
"2277","RONDONOPOLIS_MT","Ok"
"2278","ROQUE_GONZALES_RS","Ok"
"2279","RORAINOPOLIS_RORAIMA","Ok"
"2280","ROSANA_SP","Ok"
"2281","ROSARIO_DO_SUL_RS","Ok"
"2282","ROSARIO_OESTE_MT","Ok"
"2283","ROSEIRA_SP","Ok"
"2284","RUBIACEA_SP","Ok"
"2285","RUBIM_MG","Ok"
"2286","RUROPOLIS_PARA","Ok"
"2287","RUSSAS_CE","Ok"
"2288","SABARA_MG","Ok"
"2289","SABAUDIA_PR","Ok"
"2290","SACRAMENTO_MG","Ok"
"2291","SAIRE_PE","Ok"
"2292","SALDANHA_MARINHO_RS","Ok"
"2293","SALETE_SC","Ok"
"2294","SALESOPOLIS_SP","Ok"
"2295","SALGADO_DE_SAO_FELIX_PB","Ok"
"2296","SALGUEIRO_PE","Ok"
"2297","SALINAS_MG","Ok"
"2298","SALINOPOLIS_PARA","Ok"
"2299","SALTINHO_SC","Ok"
"2300","SALTO_SP","Ok"
"2301","SALTO_DE_PIRAPORA_SP","Ok"
"2302","SALTO_DO_JACUI_RS","Ok"
"2303","SALTO_VELOSO_SC","Ok"
"2304","SALVADOR_BAHIA","Ok"
"2305","SALVADOR_DAS_MISS<U+FFFD>ES_RS","Ok"
"2306","SALVADOR_DO_SUL_RS","Ok"
"2307","SALVATERRA_PARA","Ok"
"2308","SAMPAIO_TO","Ok"
"2309","SANANDUVA_RS","Ok"
"2310","SANDOVALINA_SP","Ok"
"2311","SANGAO_SC","Ok"
"2312","SANHARO_PE","Ok"
"2313","SANTA_ADELIA_SP","Ok"
"2314","SANTA_BARBARA_MG","Ok"
"2315","SANTA_BARBARA_D'OESTE_SP","Ok"
"2316","SANTA_BARBARA_DO_PARA_PARA","Ok"
"2317","SANTA_BARBARA_DO_SUL_RS","Ok"
"2318","SANTA_BRANCA_SP","Ok"
"2319","SANTA_CARMEM_MT","Ok"
"2320","SANTA_CECILIA_SC","Ok"
"2321","SANTA_CECILIA_DO_PAVAO_PR","Ok"
"2322","SANTA_CECILIA_DO_SUL_RS","Ok"
"2323","SANTA_CLARA_DO_SUL_RS","Ok"
"2324","SANTA_CRUZ_CABRALIA_BAHIA","Ok"
"2325","SANTA_CRUZ_DA_ESPERANCA_SP","Ok"
"2326","SANTA_CRUZ_DAS_PALMEIRAS_SP","Ok"
"2327","SANTA_CRUZ_DO_ARARI_PARA","Ok"
"2328","SANTA_CRUZ_DO_CAPIBARIBE_PE","Ok"
"2329","SANTA_CRUZ_DO_RIO_PARDO_SP","Ok"
"2330","SANTA_CRUZ_DO_SUL_RS","Ok"
"2331","SANTA_ERNESTINA_SP","Ok"
"2332","SANTA_FE_PR","Ok"
"2333","SANTA_FE_DE_MINAS_MG","Ok"
"2334","SANTA_FE_DO_SUL_SP","Ok"
"2335","SANTA_GERTRUDES_SP","Ok"
"2336","SANTA_HELENA_PR","Ok"
"2337","SANTA_HELENA_SC","Ok"
"2338","SANTA_INES_MA","Ok"
"2339","SANTA_ISABEL_SP","Ok"
"2340","SANTA_ISABEL_DO_IVAI_PR","Ok"
"2341","SANTA_ISABEL_DO_PARA_PARA","Ok"
"2342","SANTA_IZABEL_DO_OESTE_PR","Ok"
"2343","SANTA_LEOPOLDINA_ES","Ok"
"2344","SANTA_LUCIA_SP","Ok"
"2345","SANTA_LUZIA_MG","Ok"
"2346","SANTA_LUZIA_PB","Ok"
"2347","SANTA_LUZIA_D'OESTE_RONDONIA","Ok"
"2348","SANTA_LUZIA_DO_PARA_PARA","Ok"
"2349","SANTA_MARGARIDA_DO_SUL_RS","Ok"
"2350","SANTA_MARIA_DISTRITO_FEDERAL","Ok"
"2351","SANTA_MARIA_RN","Ok"
"2352","SANTA_MARIA_RS","Ok"
"2353","SANTA_MARIA_DAS_BARREIRAS_PARA","Ok"
"2354","SANTA_MARIA_DE_JETIBA_ES","Ok"
"2355","SANTA_MARIA_DO_HERVAL_RS","Ok"
"2356","SANTA_MARIA_DO_OESTE_PR","Ok"
"2357","SANTA_MARIA_DO_PARA_PARA","Ok"
"2358","SANTA_MARIA_DO_SALTO_MG","Ok"
"2359","SANTA_MARIA_DO_SUACUI_MG","Ok"
"2360","SANTA_MARIA_MADALENA_RJ","Ok"
"2361","SANTA_MONICA_PR","Ok"
"2362","SANTANA_AMAPA","Ok"
"2363","SANTANA_DA_BOA_VISTA_RS","Ok"
"2364","SANTANA_DE_PARNAIBA_SP","Ok"
"2365","SANTANA_DO_ACARAU_CE","Ok"
"2366","SANTANA_DO_ARAGUAIA_PARA","Ok"
"2367","SANTANA_DO_IPANEMA_AL","Ok"
"2368","SANTANA_DO_LIVRAMENTO_RS","Ok"
"2369","SANTANA_DO_MATOS_RN","Ok"
"2370","SANTANA_DO_MUNDAU_AL","Ok"
"2371","SANTANA_DO_PIAUI_PIAUI","Ok"
"2372","SANTANA_DO_SERIDO_RN","Ok"
"2373","SANTA_QUITERIA_CE","Ok"
"2374","SANTAREM_PARA","Ok"
"2375","SANTAREM_PB","Ok"
"2376","SANTAREM_NOVO_PARA","Ok"
"2377","SANTA_RITA_DE_CALDAS_MG","Ok"
"2378","SANTA_RITA_DO_PARDO_MS","Ok"
"2379","SANTA_RITA_DO_PASSA_QUATRO_SP","Ok"
"2380","SANTA_RITA_DO_TO_TO","Ok"
"2381","SANTA_RITA_DO_TRIVELATO_MT","Ok"
"2382","SANTA_ROSA_RS","Ok"
"2383","SANTA_ROSA_RS","Ok"
"2384","SANTA_ROSA_DE_GOIAS_GOIAS","Ok"
"2385","SANTA_ROSA_DE_LIMA_SC","Ok"
"2386","SANTA_ROSA_DE_VITERBO_SP","Ok"
"2387","SANTA_ROSA_DO_PURUS_ACRE","Ok"
"2388","SANTA_ROSA_DO_SUL_SC","Ok"
"2389","SANTA_ROSA_DO_SUL_RS","Ok"
"2390","SANTA_TERESA_ES","Ok"
"2391","SANTA_TEREZA_RS","Ok"
"2392","SANTA_TEREZA_DO_TO_TO","Ok"
"2393","SANTA_TEREZINHA_PE","Ok"
"2394","SANTA_TEREZINHA_SC","Ok"
"2395","SANTA_TEREZINHA_DE_ITAIPU_PR","Ok"
"2396","SANTA_TEREZINHA_DO_PROGRESSO_SC","Ok"
"2397","SANTA_TEREZINHA_DO_TO_TO","Ok"
"2398","SANTA_VITORIA_MG","Ok"
"2399","SANTA_VITORIA_DO_PALMAR_RS","Ok"
"2400","SANTA_ROSA_RS","Ok"
"2401","SANTA_ROSA_RS","Ok"
"2402","SANTIAGO_RS","Ok"
"2403","SANTIAGO_DO_SUL_SC","Ok"
"2404","SANTO_AMARO_DA_IMPERATRIZ_SC","Ok"
"2405","SANTO_ANASTACIO_SP","Ok"
"2406","SANTO_ANDRE_SP","Ok"
"2407","SANTO_ANGELO_RS","Ok"
"2408","SANTO_ANTONIO_RN","Ok"
"2409","SANTO_ANTONIO_DA_ALEGRIA_SP","Ok"
"2410","SANTO_ANTONIO_DA_PATRULHA_RS","Ok"
"2411","SANTO_ANTONIO_DAS_MISSOES_RS","Ok"
"2412","SANTO_ANTONIO_DE_JESUS_BAHIA","Ok"
"2413","SANTO_ANTONIO_DE_PADUA_RJ","Ok"
"2414","SANTO_ANTONIO_DO_AMPARO_MG","Ok"
"2415","SANTO_ANTONIO_DO_LESTE_MT","Ok"
"2416","SANTO_ANTONIO_DO_MONTE_MG","Ok"
"2417","SANTO_ANTONIO_DO_PALMA_RS","Ok"
"2418","SANTO_ANTONIO_DO_PLANALTO_RS","Ok"
"2419","SANTO_ANTONIO_DO_PINHAL_SP","Ok"
"2420","SANTO_ANTONIO_DO_PALMA_RS","Ok"
"2421","SANTO_ANTONIO_DO_PLANALTO_RS","Ok"
"2422","SANTO_ANTONIO_DO_PARAISO_PR","Ok"
"2423","SANTO_ANTONIO_DO_RIO_ABAIXO_MG","Ok"
"2424","SANTO_ANTONIO_DO_SUDOESTE_PR","Ok"
"2425","SANTO_ANTONIO_DO_TAUA_PARA","Ok"
"2426","SANTO_AUGUSTO_RS","Ok"
"2427","SANTO_CRISTO_RS","Ok"
"2428","SANTO_EXPEDITO_DO_SUL_RS","Ok"
"2429","SANTOS_SP","Ok"
"2430","SANTOS_DUMONT_MG","Ok"
"2431","SAO_BENTO_ABADE_MG","Ok"
"2432","SAO_BENTO_DO_NORTE_RN","Ok"
"2433","SAO_BENTO_DO_SAPUCAI_SP","Ok"
"2434","SAO_BENTO_DO_SUL_SC","Ok"
"2435","SAO_BENTO_DO_TO_TO","Ok"
"2436","SAO_BENTO_DO_UNA_PE","Ok"
"2437","SAO_BERNARDINO_SC","Ok"
"2438","SAO_BERNARDO_DO_CAMPO_SP","Ok"
"2439","SAO_BONIFACIO_SC","Ok"
"2440","SAO_BORJA_RS","Ok"
"2441","SAO_CAETANO_DE_ODIVELAS_PARA","Ok"
"2442","SAO_CAETANO_DO_SUL_SP","Ok"
"2443","SAO_CARLOS__SC","Ok"
"2444","SAO_CARLOS_SP","Ok"
"2445","SAO_CRISTOVAO_SE","Ok"
"2446",NA,"Ok"
"2447","SAO_DOMINGOS_SC","Ok"
"2448","SAO_DOMINGOS_DO_ARAGUAIA_PARA","Ok"
"2449","SAO_DOMINGOS_DO_CAPIM_PARA","Ok"
"2450","SAO_DOMINGOS_DO_PRATA_MG","Ok"
"2451","SAO_DOMINGOS_DO_SUL_RS","Ok"
"2452","SAO_FELIPE_BAHIA","Ok"
"2453","SAO_FELIX_DE_MINAS_MG","Ok"
"2454","SAO_FELIX_DO_XINGU_PARA","Ok"
"2455","SAO_FIDELIS_RJ","Ok"
"2456","SAO_FRANCISCO_DE_ASSIS_RS","Ok"
"2457","SAO_FRANCISCO_DE_GOIAS_GOIAS","Ok"
"2458","SAO_FRANCISCO_DE_ITABAPOANA_RJ","Ok"
"2459","SAO_FRANCISCO_DE_PAULA_RS","Ok"
"2460","SAO_FRANCISCO_DO_PARA_PARA","Ok"
"2461","SAO_FRANCISCO_DO_SUL_SC","Ok"
"2462","SAO_GABRIEL_RS","Ok"
"2463","SAO_GABRIEL_DO_OESTE_MS","Ok"
"2464","SAO_GERALDO_DO_ARAGUAIA_PARA","Ok"
"2465","SAO_GERALDO_DO_BAIXIO_MG","Ok"
"2466","SAO_GONCALO_RJ","Ok"
"2467","SAO_GONCALO_DO_AMARANTE_CE","Ok"
"2468",NA,"Ok"
"2469","SAO_GONCALO_DO_PARA_MG","Ok"
"2470","SAO_GONCALO_DO_RIO_ABAIXO_MG","Ok"
"2471","SAO_GONCALO_DO_SAPUCAI_MG","Ok"
"2472","SAO_GOTARDO_MG","Ok"
"2473","SAO_JOAO_PR","Ok"
"2474","SAO_JOAO_BATISTA_SC","Ok"
"2475","SAO_JOAO_DA_BALIZA_RORAIMA","Ok"
"2476","SAO_JOAO_DA_BARRA_RJ","Ok"
"2477","SAO_JOAO_DA_BOA_VISTA_SP","Ok"
"2478","SAO_JOAO_D'ALIANCA_GOIAS","Ok"
"2479","SAO_JOAO_DA_LAGOA_MG","Ok"
"2480","SAO_JOAO_DA_MATA_MG","Ok"
"2481","SAO_JOAO_DE_MERITI_RJ","Ok"
"2482","SAO_JOAO_DA_PONTA_PARA","Ok"
"2483","SAO_JOAO_DA_URTIGA_RS","Ok"
"2484","SAO_JOAO_DEL_REI_MG","Ok"
"2485","SAO_JOAO_DE_PIRABAS_PARA","Ok"
"2486","SAO_JOAO_DO_ARAGUAIA_PARA","Ok"
"2487","SAO_JOAO_DO_CAIUA_PR","Ok"
"2488","SAO_JOAO_DO_CARIRI_PB","Ok"
"2489","SAO_JOAO_DO_ITAPERIU_SC","Ok"
"2490","SAO_JOAO_DO_OESTE_SC","Ok"
"2491","SAO_JOAO_DO_POLESINE_RS","Ok"
"2492","SAO_JOAO_DO_RIO_DO_PEIXE_PB","Ok"
"2493","SAO_JOAO_DO_SABUGI_RN","Ok"
"2494",NA,"Ok"
"2495","SAO_JOAO_EVANGELISTA_MG","Ok"
"2496","SAO_JOAO_NEPOMUCENO_MG","Ok"
"2497","SAO_JOAO_EVANGELISTA_MG","Ok"
"2498","SAO_JOAO_NEPOMUCENO_MG","Ok"
"2499","SAO_JOAO_DOS_PATOS_MA","Ok"
"2500","SAO_JOAQUIM_SC","Ok"
"2501","SAO_JOAQUIM_DA_BARRA_SP","Ok"
"2502","SAO_JOAQUIM_DE_BICAS_MG","Ok"
"2503","SAO_JORGE_RS","Ok"
"2504","SAO_JOSE_SC","Ok"
"2505","SAO_JOSE_DA_LAPA_MG","Ok"
"2506","SAO_JOSE_DE_RIBAMAR_MA","Ok"
"2507","SAO_JOSE_DAS_MISSOES_RS","Ok"
"2508","SAO_JOSE_DE_UBA_RJ","Ok"
"2509","SAO_JOSE_DE_MIPIBU_RN","Ok"
"2510","SAO_JOSE_DO_BARREIRO_SP","Ok"
"2511","SAO_JOSE_DO_CAMPESTRE_RN","Ok"
"2512","SAO_JOSE_DO_CEDRO_SC","Ok"
"2513","SAO_JOSE_DO_CERRITO_SC","Ok"
"2514","SAO_JOSE_DO_DIVINO_PIAUI","Ok"
"2515","SAO_JOSE_DO_HERVAL_RS","Ok"
"2516","SAO_JOSE_DO_HORTENCIO_RS","Ok"
"2517","SAO_JOSE_DO_INHACORA_RS","Ok"
"2518","SAO_JOSE_DO_NORTE_RS","Ok"
"2519","SAO_JOSE_DO_OURO_RS","Ok"
"2520","SAO_JOSE_DO_PIAUI_PIAUI","Ok"
"2521","SAO_JOSE_DO_RIO_CLARO_MT","Ok"
"2522","SAO_JOSE_DO_RIO_PARDO_SP","Ok"
"2523","SAO_JOSE_DO_RIO_PRETO_SP","Ok"
"2524","SAO_JOSE_DO_SABUGI_PB","Ok"
"2525","SAO_JOSE_DOS_CAMPOS_SP","Ok"
"2526","SAO_JOSE_DOS_PINHAIS_PR","Ok"
"2527","SAO_JOSE_DOS_AUSENTES_RS","Ok"
"2528","SAO_JOSE_DO_SUL_RS","Ok"
"2529","SAO_JULIAO_PIAUI","Ok"
"2530","SAO_LEOPOLDO_RS","Ok"
"2531","SAO_LOURENCO_MG","Ok"
"2532","SAO_LOURENCO_DA_MATA_PE","Ok"
"2533","SAO_LOURENCO_DA_SERRA_SP","Ok"
"2534","SAO_LOURENCO_DO_OESTE_SC","Ok"
"2535","SAO_LOURENCO_DO_SUL_RS","Ok"
"2536","SAO_LUDGERO_SC","Ok"
"2537","SAO_LUIS_MA","Ok"
"2538","SAO_LUIS_DO_PARAITINGA_SP","Ok"
"2539","SAO_LUIZ_RORAIMA","Ok"
"2540","SAO_LUIZ_GONZAGA_RS","Ok"
"2541","SAO_MAMEDE_PB","Ok"
"2542","SAO_MANUEL_SP","Ok"
"2543","SAO_MARCOS_RS","Ok"
"2544","SAO_MARTINHO_RS","Ok"
"2545","SAO_MARTINHO_SC","Ok"
"2546","SAO_MARTINHO_DA_SERRA_RS","Ok"
"2547","SAO_MATEUS_ES","Ok"
"2548","SAO_MIGUEL_ARCANJO_SP","Ok"
"2549","SAO_MIGUEL_DA_BOA_VISTA_SC","Ok"
"2550","SAO_MIGUEL_DO_ARAGUAIA_GOIAS","Ok"
"2551","SAO_MIGUEL_DO_GUAMA_PARA","Ok"
"2552","SAO_MIGUEL_DO_IGUACU_PR","Ok"
"2553","SAO_MIGUEL_DO_OESTE_SC","Ok"
"2554","SAO_MIGUEL_DO_PASSA_QUATRO_GOIAS","Ok"
"2555","SAO_MIGUEL_DOS_CAMPOS_AL","Ok"
"2556","SAO_MIGUEL_DO_TAPUIO_PIAUI","Ok"
"2557","SAO_NICOLAU_RS","Ok"
"2558","SAO_PAULO_SP","Ok"
"2559","SP_DAS_MISSOES_RS","Ok"
"2560","SAO_PEDRO_SP","Ok"
"2561","SAO_PEDRO_DA_ALDEIA_RJ","Ok"
"2562","SAO_PEDRO_DA_SERRA_RS","Ok"
"2563","SAO_PEDRO_DAS_MISSOES_RS","Ok"
"2564","SAO_PEDRO_DE_ALANTARA_SC","Ok"
"2565","SAO_PEDRO_DO_BUTIA_RS","Ok"
"2566","SAO_PEDRO_DO_SUL_RS","Ok"
"2567","SAO_RAIMUNDO_NONATO_PIAUI","Ok"
"2568","SAO_ROQUE_SP","Ok"
"2569","SAO_SEBASTIAO_DISTRITO_FEDERAL","Ok"
"2570","SAO_SEBASTIAO_SP","Ok"
"2571","SAO_SEBASTIAO_DA_BOA_VISTA_PARA","Ok"
"2572","SAO_SEBASTIAO_DA_GRAMA_SP","Ok"
"2573","SAO_SEBASTIAO_DE_LAGOA_DE_ROCA_PB","Ok"
"2574","SAO_SEBASTIAO_DO_CAI_RS","Ok"
"2575","SAO_SEBASTIAO_DO_PARAISO_MG","Ok"
"2576","SAO_SEBASTIAO_DO_PASSE_BAHIA","Ok"
"2577","SAO_SEBASTIAO_DO_UATUMA_AMAZONAS","Ok"
"2578","SAO_SEPE_RS","Ok"
"2579","SAO_SIMAO_GOIAS","Ok"
"2580","SAO_SIMAO_SP","Ok"
"2581","SAO_VALENTIM_DO_SUL_RS","Ok"
"2582","SAO_VALERIO_DA_NATIVIDADE_TO","Ok"
"2583","SAO_VALERIO_DO_SUL_RS","Ok"
"2584","SAO_VENDELINO_RS","Ok"
"2585","SAO_VICENTE_SP","Ok"
"2586","SAO_VICENTE_RN","Ok"
"2587","SAO_VICENTE_DO_SUL_RS","Ok"
"2588","SAPE_PB","Ok"
"2589","SAPEZAL_MT","Ok"
"2590","SAPIRANGA_RS","Ok"
"2591","SAPUCAIA_PARA","Ok"
"2592","SAPUCAIA_RJ","Ok"
"2593","SAPUCAIA_DO_SUL_RS","Ok"
"2594","SAPUCAI-MIRIM_MG","Ok"
"2595","SAQUAREMA_RJ","Ok"
"2596","SARANDI_RS","Ok"
"2597","SAUDADES_SC","Ok"
"2598","SCHROEDER_SC","Ok"
"2599","SEARA_SC","Ok"
"2600","SEBASTAO_LEAL_PIAUI","Ok"
"2601","SEDE_NOVA_RS","Ok"
"2602","SEGREDO_RS","Ok"
"2603","SELBACH_RS","Ok"
"2604","SELVIRIA_MS","Ok"
"2605","SENADOR_AMARAL_MG","Ok"
"2606","SENADOR_ELOI_DE_SOUZA_RN","Ok"
"2607","SENADOR_FIRMINO_MG","Ok"
"2608","SENADOR_GUIOMARD_ACRE","Ok"
"2609","SENADOR_JOSE_PORFIRIO_PARA","Ok"
"2610","SENADOR_SALGADO_FILHO_RS","Ok"
"2611","SENA_MADUREIRA_ACRE","Ok"
"2612","SENGES_PR","Ok"
"2613","SENHORA_DOS_REMEDIOS_MG","Ok"
"2614","SENTINELA_DO_SUL_RS","Ok"
"2615","SENTO_SE_BAHIA","Ok"
"2616","SERAFINA_CORREA_RS","Ok"
"2617","SERIDO_PB","Ok"
"2618","SEROPEDICA_RJ","Ok"
"2619","SERRA_ES","Ok"
"2620","SERRA_ALTA_SC","Ok"
"2621","SERRA_BRANCA_PB","Ok"
"2622","SERRA_DE_SAO_BENTO_RN","Ok"
"2623","SERRA_DO_BREJO_AL","Ok"
"2624","SERRA_DO_MEL_RN","Ok"
"2625","SERRA_DO_NAVIO_AP","Ok"
"2626","SERRA_NEGRA_SP","Ok"
"2627","SERRANA_SP","Ok"
"2628","SERRANO_DO_MA_MA","Ok"
"2629","SERRANOPOLIS_DO_IGUACU_PR","Ok"
"2630","SERRA_TALHADA_PE","Ok"
"2631","SERRITA_PE","Ok"
"2632","SERTANOPOLIS_PR","Ok"
"2633",NA,"Ok"
"2634","SERTAO_SANTANA_RS","Ok"
"2635","SERTAOZINHO_SP","Ok"
"2636","SETE_BARRAS_SP","Ok"
"2637","SETE_DE_SETEMBRO_RS","Ok"
"2638","SETE_LAGOAS_MG","Ok"
"2639","SETE_QUEDAS_MATO_GROSS_DO_SUL","Ok"
"2640","SEVERIANO_DE_ALMEIDA_RS","Ok"
"2641","SEVERIANO_MELO_RN","Ok"
"2642","SIDEROPOLIS_SC","Ok"
"2643","SILVA_JARDIM_RJ","Ok"
"2644",NA,"Ok"
"2645","SILVEIRANIA_MG","Ok"
"2646","SILVEIRAS_SP","Ok"
"2647","SIMOES_PIAUI","Ok"
"2648","SIMONESIA_MG","Ok"
"2649","SIMPLICIO_MENDES_PIAUI","Ok"
"2650","SINIMBU_RS","Ok"
"2651","SITIO_NOVO_MA","Ok"
"2652","SILVANOPOLIS_TO","Ok"
"2653","MAUES_AMAZONAS","Ok"
"2654","SILVES_AMAZONAS","Ok"
"2655","TEFE_AMAZONAS","Ok"
"2656","SINOP_MT","Ok"
"2657","SIRIRI_SE","Ok"
"2658","SOBRADINHO_DISTRITO_FEDERAL","Ok"
"2659","SOBRADINHO_II_DISTRITO_FEDERAL","Ok"
"2660","SOBRADINHO_RS","Ok"
"2661","SOBRAL_CE","Ok"
"2662","SOCORRO_SP","Ok"
"2663","SOLANEA_PB","Ok"
"2664","SOLEDADE_PB","Ok"
"2665","SOLEDADE_RS","Ok"
"2666","SOLONOPOLE_CE","Ok"
"2667","SOMBRIO_SC","Ok"
"2668","SONORA_MS","Ok"
"2669","SOROCABA_SP","Ok"
"2670","SORRISO_MT","Ok"
"2671","SOURE_PARA","Ok"
"2672","SOUSA_PB","Ok"
"2673","SUL_BRASIL_SC","Ok"
"2674","SULINA_PR","Ok"
"2675","SUMARE_SP","Ok"
"2676","SUMIDOURO_RJ","Ok"
"2677","SURUBIM_PE","Ok"
"2678","SUZANO_SP","Ok"
"2679","TABAI_RS","Ok"
"2680","TABOAO_DA_SERRA_SP","Ok"
"2681","TACIBA_SP","Ok"
"2682","TACURU_MS","Ok"
"2683","TAGUATINGA_DISTRITO_FEDERAL","Ok"
"2684","TAILANDIA_PARA","Ok"
"2685","TAIO_SC","Ok"
"2686","TAIOBEIRAS_MG","Ok"
"2687","TAIPAS_DO_TO_TO","Ok"
"2688","TALISMA_TO","Ok"
"2689","TAMBAU_SP","Ok"
"2690","TAMBORIL_CE","Ok"
"2691","TANGARA_SC","Ok"
"2692","TANGARA_DA_SERRA_MT","Ok"
"2693","TANGUA_RJ","Ok"
"2694","TAPEJARA_RS","Ok"
"2695","TAPERA_RS","Ok"
"2696","TAPEROA_PB","Ok"
"2697","TAPES_RS","Ok"
"2698","TAPIRA_MG","Ok"
"2699","TAPIRA_PARAN<U+FFFD>","Ok"
"2700","TAPIRAI_SP","Ok"
"2701","TAPIRAMUTA_BAHIA","Ok"
"2702","TAQUARA_RS","Ok"
"2703","TAQUARAL_SP","Ok"
"2704","TAQUARI_RS","Ok"
"2705","TAQUARITINGA_SP","Ok"
"2706","TAQUARITINGA_DO_NORTE_PE","Ok"
"2707","TAQUARITUBA_SP","Ok"
"2708","TAQUARUCU_DO_SUL_RS","Ok"
"2709","TAQUARUSSU_MS","Ok"
"2710","TARABAI_SP","Ok"
"2711","TARAUACA_ACRE","Ok"
"2712","TARTARUGALZINHO_AMAPA","Ok"
"2713","TARUMA_SP","Ok"
"2714","TATUI_SP","Ok"
"2715","TAUBATE_SP","Ok"
"2716","TAVARES_PB","Ok"
"2717","TAVARES_RS","Ok"
"2718","MAUES_AMAZONAS","Ok"
"2719","SILVES_AMAZONAS","Ok"
"2720","TEFE_AMAZONAS","Ok"
"2721","TEIXEIRA_PARAIBA","Ok"
"2722","TEIXEIRA_PB","Ok"
"2723","TEIXEIRA_SOARES_PARANA","Ok"
"2724","TELEMACO_BORBA_PARANA","Ok"
"2725","TENENTE_ANANIAS_RN","Ok"
"2726","TENENTE_LAURENTINO_CRUZ_RN","Ok"
"2727","TENENTE_PORTELA_RS","Ok"
"2728","TENORIO_PB","Ok"
"2729","TEODORO_SAMPAIO_SP","Ok"
"2730","TEOFILO_OTONI_MG","Ok"
"2731","TEOTONIO_VILELA_AL","Ok"
"2732","TERENOS_MS","Ok"
"2733","TERESINA_PIAUI","Ok"
"2734","TERESOPOLIS_RJ","Ok"
"2735","TERRA_ALTA_PARA","Ok"
"2736","TERRA_DE_AREIA_RS","Ok"
"2737","TERRA_NOVA_DO_NORTE_MT","Ok"
"2738","TERRA_RICA_PARANA","Ok"
"2739","TERRA_ROXA_PARANA","Ok"
"2740","TERRA_ROXA_SP","Ok"
"2741","TERRA_SANTA_PARA","Ok"
"2742","TEUTONIA_RS","Ok"
"2743","TEIXEIRA_PARAIBA","Ok"
"2744","TEIXEIRA_PB","Ok"
"2745","THEOBROMA_RONDONIA","Ok"
"2746","TIANGUA_CE","Ok"
"2747","TIBAGI_PR","Ok"
"2748","TIBAU_DO_SUL_RN","Ok"
"2749","TIETE_SP","Ok"
"2750","TIGRINHOS_SC","Ok"
"2751","TIJUCAS_SC","Ok"
"2752","TIMBE_DO_SUL_SC","Ok"
"2753","TIMBIRAS_MA","Ok"
"2754","TIMBO_SC","Ok"
"2755","TIMBO_GRANDE_SC","Ok"
"2756","TIMON_MA","Ok"
"2757","TIMOTEO_MG","Ok"
"2758","TIO_HUGO_RS","Ok"
"2759","TOLEDO_PARANA","Ok"
"2760","TOMBOS_MG","Ok"
"2761","TOME-ACU_PARA","Ok"
"2762","TOROPI_RS","Ok"
"2763","TORRES_RS","Ok"
"2764","TOUROS_RN","Ok"
"2765","TRABIJU_SP","Ok"
"2766","TRACUATEUA_PARA","Ok"
"2767","TUCUMA_PARA","Ok"
"2768","TRAIRAO_PARA","Ok"
"2769","TRAJANO_DE_MORAIS_RJ","Ok"
"2770","TRAMANDAI_RS","Ok"
"2771","VICENTINA_MS","Ok"
"2772","TRAVESSEIRO_RS","Ok"
"2773","TREMEMBE_SP","Ok"
"2774","TRES_ARROIOS_RS","Ok"
"2775","TRES_BARRAS_SC","Ok"
"2776","TRES_CACHOEIRAS_RS","Ok"
"2777","TRES_CORACOES_MG","Ok"
"2778","TRES_COROAS_RS","Ok"
"2779","TRES_DE_MAIO_RS","Ok"
"2780","TRES_FRONTEIRAS_SP","Ok"
"2781","TRES_LAGOAS_RS","Ok"
"2782","TRES_PALMEIRAS_RS","Ok"
"2783","TRES_PASSOS_RS","Ok"
"2784","TRES_PONTAS_MG","Ok"
"2785","TRES_RIOS_RJ","Ok"
"2786","TREVISO_SC","Ok"
"2787","TREZE_DE_MAIO_SC","Ok"
"2788","TREZE_TILIAS_SC","Ok"
"2789","TRAIRI_CE","Ok"
"2790","TRINDADE_GOIAS","Ok"
"2791","TRINDADE_PE","Ok"
"2792","TRIUNFO_PE","Ok"
"2793","TRIUNFO_RS","Ok"
"2794","TRIUNFO_POTIGUAR_RN","Ok"
"2795","TROMBUDO_CENTRAL_SC","Ok"
"2796","TUBARAO_SC","Ok"
"2797","TRACUATEUA_PARA","Ok"
"2798","TUCUMA_PARA","Ok"
"2799","TUCURUI_PARA","Ok"
"2800","TUNAPOLIS_SC","Ok"
"2801","TUPA_SP","Ok"
"2802","TUPANCI_DO_SUL_RS","Ok"
"2803","TUPANCIRETA_RS","Ok"
"2804","TUPANDI_RS","Ok"
"2805","TUPI_PAULISTA_SP","Ok"
"2806","TUPIRAMA_TO","Ok"
"2807","TURILANDIA_MA","Ok"
"2808","TURIUBA_SP","Ok"
"2809","TURMALINA_MG","Ok"
"2810","TURMALINA_SP","Ok"
"2811","TURUCU_RS","Ok"
"2812","TURVO_SC","Ok"
"2813","TUTOIA_MA","Ok"
"2814","UBA_MG","Ok"
"2815","UBAJARA_CE","Ok"
"2816","UBAPORANGA_MG","Ok"
"2817","UBATUBA_SP","Ok"
"2818","UBERABA_MG","Ok"
"2819","UBERLANDIA_MG","Ok"
"2820","UBIRATA_PARANA","Ok"
"2821","UIRAMUTA_RORAIMA","Ok"
"2822","UIRAUNA_PB","Ok"
"2823","ULIANOPOLIS_PARA","Ok"
"2824","UMBUZEIRO_PB","Ok"
"2825","UMUARAMA_PR","Ok"
"2826","UNAI_MG","Ok"
"2827","UNIAO_DA_SERRA_RS","Ok"
"2828","UNIAO_DA_VITORIA_PR","Ok"
"2829","UNIAO_DE_MINAS_MG","Ok"
"2830","UNIAO_DO_OESTE_SC","Ok"
"2831","UNISTALDA_RS","Ok"
"2832","UPANEMA_RN","Ok"
"2833","URUANA_DE_MINAS_MG","Ok"
"2834","URUARA_PARA","Ok"
"2835","URUBICI_SC","Ok"
"2836","URUCUI_PIAUI","Ok"
"2837","URUGUAIANA_RS","Ok"
"2838","URUPA_RONDONIA","Ok"
"2839","URUPEMA_SC","Ok"
"2840","URUSSANGA_SC","Ok"
"2841","UTINGA_BAHIA","Ok"
"2842","VACARIA_RS","Ok"
"2843","VALE_DO_ACARAU_CE","Ok"
"2844","VALE_DO_ANARI_RONDONIA","Ok"
"2845","VALE_DO_PARAISO_RONDONIA","Ok"
"2846","VALE_DO_SOL_RS","Ok"
"2847","VALENCA_RJ","Ok"
"2848","VALE_REAL_RS","Ok"
"2849","VALINHOS_SP","Ok"
"2850","VALPARAISO_DE_GOIAS_GOIAS","Ok"
"2851","VARGEAO_SC","Ok"
"2852","VARGEM_BONITA_SC","Ok"
"2853","VARGEM_GRANDE_DO_SUL_SP","Ok"
"2854","VARGEM_GRANDE_PAULISTA_SP","Ok"
"2855","VARGINHA_MG","Ok"
"2856","VARJOTA_CE","Ok"
"2857","VARRE-SAI_RJ","Ok"
"2858","VARZEA_RN","Ok"
"2859","VARZEA_ALEGRE_CE","Ok"
"2860","VARZEA_DA_PALMA_MG","Ok"
"2861","VARZEA_GRANDE_MT","Ok"
"2862","VARZEA_PAULISTA_SP","Ok"
"2863","VARZELANDIA_MG","Ok"
"2864","VASSOURAS_RJ","Ok"
"2865","VAZANTE_MG","Ok"
"2866","VENANCIO_AIRES_RS","Ok"
"2867","VENDA_NOVA_DO_IMIGRANTE_ES","Ok"
"2868","VERA_MT","Ok"
"2869","VERA_CRUZ_RS","Ok"
"2870","VERA_CRUZ_SP","Ok"
"2871","VERA_CRUZ_DO_OESTE_PR","Ok"
"2872","VERANOPOLIS_RS","Ok"
"2873","VERDEJANTE_PE","Ok"
"2874","VERE_PR","Ok"
"2875","VESPASIANO_MG","Ok"
"2876","VESPASIANO_CORREA_RS","Ok"
"2877","VIAMAO_RS","Ok"
"2878","VIANA_ESPIRITO_SANTO","Ok"
"2879","VIANA_MA","Ok"
"2880","TRAMANDAI_RS","Ok"
"2881","VICENTINA_MS","Ok"
"2882","VICOSA_AL","Ok"
"2883","VICOSA_MG","Ok"
"2884","VICOSA_DO_CE_CE","Ok"
"2885","VICTOR_GRAEFF_RS","Ok"
"2886",NA,"Ok"
"2887","VIDEIRA_SC","Ok"
"2888","VIGIA_PARA","Ok"
"2889","VILA_FLORES_RS","Ok"
"2890","VILA_LANGARO_RS","Ok"
"2891","VILA_MARIA_RS","Ok"
"2892","VILA_NOVA_DO_PIAUI_PIAUI","Ok"
"2893","VILA_NOVA_DO_SUL_RS","Ok"
"2894","VILA_PAVAO,_ES","Ok"
"2895","VILA_VELHA_ESPIRITO_SANTO","Ok"
"2896","VILHENA_RONDONIA","Ok"
"2897","VINHEDO_SP","Ok"
"2898","VIRMOND_PR","Ok"
"2899","VISCONDE_DO_RIO_BRANCO_MG","Ok"
"2900","VISEU_PARA","Ok"
"2901","VISTA_ALEGRE_RS","Ok"
"2902","VISTA_ALEGRE_DO_ALTO_SP","Ok"
"2903","VISTA_ALEGRE_DO_PRATA_RS","Ok"
"2904","VISTA_GAUCHA_RS","Ok"
"2905","VISTA_SERRANA_PB","Ok"
"2906","VITORIA_ES","Ok"
"2907","VITORIA_DA_CONQUISTA_BAHIA","Ok"
"2908","VITORIA_DE_SANTO_ANTAO_PE","Ok"
"2909","VITORIA_DO_JARI_AMAPA","Ok"
"2910","VITORIA_DO_XINGU_PARA","Ok"
"2911","VITORINO_PARANA","Ok"
"2912","VITOR_MEIRELES_SC","Ok"
"2913","VOLTA_REDONDA_RJ","Ok"
"2914","VOTORANTIM_SP","Ok"
"2915","VOTUPORANGA_SP","Ok"
"2916","WESTFALIA_RS","Ok"
"2917","WITMARSUM_SC","Ok"
"2918","XAMBIOA_TO","Ok"
"2919","XANGRI-LA_RS","Ok"
"2920","XANXERE_SC","Ok"
"2921","XAPURI_ACRE","Ok"
"2922","XAVANTINA_SC","Ok"
"2923","XAXIM_SC","Ok"
"2924","XINGUARA_PARA","Ok"
"2925","ZE_DOCA_MA","Ok"
"2926","ZORTEA_SC","Ok"
